country_code,country,indicator_code,indicator,frequency,first_year,last_year,observed_year_count,independent_period_count,calendar_gap_count,calendar_missing_years,gap_interpretation
ARG,Argentina,11_2,Negative affect balance,3-year pooled survey windows,2010,2025,16,6,0,,non-annual design: blank years are not automatically missing data
ARG,Argentina,2_1,Employment rate,annual,2016,2023,8,8,0,,no internal annual gaps
ARG,Argentina,2_2,Gender wage gap,annual/irregular,2017,2024,8,8,0,,no internal annual gaps
ARG,Argentina,2_7,Long hours in paid work,annual,2016,2019,4,4,0,,no internal annual gaps
ARG,Argentina,5_1,Life expectancy at birth,annual,2010,2023,14,14,0,,no internal annual gaps
ARG,Argentina,5_3,"Deaths from suicide, alcohol, drugs",annual,2010,2023,14,14,0,,no internal annual gaps
ARG,Argentina,7_1_DEP,Lack of social support,3-year pooled survey windows,2010,2025,16,6,0,,non-annual design: blank years are not automatically missing data
ARG,Argentina,8_2,Voter turnout,election-based,2011,2023,4,4,9,2012;2013;2014;2016;2017;2018;2020;2021;2022,non-annual design: blank years are not automatically missing data
ARG,Argentina,9_2,Exposed to air pollution,annual to 2020,2010,2020,11,11,0,,no internal annual gaps
ARG,Argentina,9_3,Exposure to extreme temperature,annual,2010,2024,15,15,0,,no internal annual gaps
AUS,Australia,11_1,Life satisfaction,sparse survey years,2019,2020,2,2,0,,non-annual design: blank years are not automatically missing data
AUS,Australia,11_2,Negative affect balance,3-year pooled survey windows,2010,2025,16,6,0,,non-annual design: blank years are not automatically missing data
AUS,Australia,1_1,Households and NPISHs net adjusted disposable income per capita,annual,2010,2024,15,15,0,,no internal annual gaps
AUS,Australia,1_2,Top average household disposable income quintile,irregular/periodic,2012,2020,5,5,4,2013;2015;2017;2019,non-annual design: blank years are not automatically missing data
AUS,Australia,1_3,Median net wealth,irregular/periodic,2012,2020,4,4,5,2013;2015;2016;2017;2019,non-annual design: blank years are not automatically missing data
AUS,Australia,2_1,Employment rate,annual,2010,2025,16,16,0,,no internal annual gaps
AUS,Australia,2_2,Gender wage gap,annual/irregular,2010,2024,15,15,0,,no internal annual gaps
AUS,Australia,2_7,Long hours in paid work,annual,2010,2025,16,16,0,,no internal annual gaps
AUS,Australia,3_2,Housing affordability,annual,2010,2024,15,15,0,,no internal annual gaps
AUS,Australia,5_1,Life expectancy at birth,annual,2010,2023,14,14,0,,no internal annual gaps
AUS,Australia,5_3,"Deaths from suicide, alcohol, drugs",annual,2010,2024,15,15,0,,no internal annual gaps
AUS,Australia,6_2,Student mathematics skills,PISA cycle,2012,2022,4,4,7,2013;2014;2016;2017;2019;2020;2021,non-annual design: blank years are not automatically missing data
AUS,Australia,7_1_DEP,Lack of social support,3-year pooled survey windows,2010,2025,16,6,0,,non-annual design: blank years are not automatically missing data
AUS,Australia,8_1_DEP,Not having a say in government,survey waves,2021,2023,2,2,1,2022,non-annual design: blank years are not automatically missing data
AUS,Australia,8_2,Voter turnout,election-based,2010,2025,6,6,10,2011;2012;2014;2015;2017;2018;2020;2021;2023;2024,non-annual design: blank years are not automatically missing data
AUS,Australia,9_2,Exposed to air pollution,annual to 2020,2010,2020,11,11,0,,no internal annual gaps
AUS,Australia,9_3,Exposure to extreme temperature,annual,2010,2024,15,15,0,,no internal annual gaps
AUT,Austria,11_1,Life satisfaction,sparse survey years,2013,2025,7,7,6,2014;2015;2016;2017;2019;2020,non-annual design: blank years are not automatically missing data
AUT,Austria,11_2,Negative affect balance,3-year pooled survey windows,2010,2025,16,6,0,,non-annual design: blank years are not automatically missing data
AUT,Austria,1_1,Households and NPISHs net adjusted disposable income per capita,annual,2010,2024,15,15,0,,no internal annual gaps
AUT,Austria,1_2,Top average household disposable income quintile,irregular/periodic,2010,2023,14,14,0,,non-annual design: blank years are not automatically missing data
AUT,Austria,1_3,Median net wealth,irregular/periodic,2011,2021,4,4,7,2012;2013;2015;2016;2018;2019;2020,non-annual design: blank years are not automatically missing data
AUT,Austria,2_1,Employment rate,annual,2010,2025,16,16,0,,no internal annual gaps
AUT,Austria,2_2,Gender wage gap,annual/irregular,2010,2024,15,15,0,,no internal annual gaps
AUT,Austria,2_7,Long hours in paid work,annual,2010,2025,16,16,0,,no internal annual gaps
AUT,Austria,3_1,Households living in overcrowded conditions,irregular/periodic,2010,2024,15,15,0,,non-annual design: blank years are not automatically missing data
AUT,Austria,3_2,Housing affordability,annual,2010,2024,15,15,0,,no internal annual gaps
AUT,Austria,4_1,Time off,irregular/periodic,2022,2022,1,1,0,,non-annual design: blank years are not automatically missing data
AUT,Austria,4_3,Gender gap in working hours,irregular/periodic,2022,2022,1,1,0,,non-annual design: blank years are not automatically missing data
AUT,Austria,5_1,Life expectancy at birth,annual,2010,2023,14,14,0,,no internal annual gaps
AUT,Austria,5_3,"Deaths from suicide, alcohol, drugs",annual,2010,2024,15,15,0,,no internal annual gaps
AUT,Austria,6_2,Student mathematics skills,PISA cycle,2012,2022,4,4,7,2013;2014;2016;2017;2019;2020;2021,non-annual design: blank years are not automatically missing data
AUT,Austria,7_1_DEP,Lack of social support,3-year pooled survey windows,2010,2025,16,6,0,,non-annual design: blank years are not automatically missing data
AUT,Austria,7_2,Time spent in social interactions,time-use survey waves,2022,2022,1,1,0,,non-annual design: blank years are not automatically missing data
AUT,Austria,8_1_DEP,Not having a say in government,survey waves,2021,2021,1,1,0,,non-annual design: blank years are not automatically missing data
AUT,Austria,8_2,Voter turnout,election-based,2013,2024,4,4,8,2014;2015;2016;2018;2020;2021;2022;2023,non-annual design: blank years are not automatically missing data
AUT,Austria,9_2,Exposed to air pollution,annual to 2020,2010,2020,11,11,0,,no internal annual gaps
AUT,Austria,9_3,Exposure to extreme temperature,annual,2010,2024,15,15,0,,no internal annual gaps
BEL,Belgium,11_1,Life satisfaction,sparse survey years,2013,2025,7,7,6,2014;2015;2016;2017;2019;2020,non-annual design: blank years are not automatically missing data
BEL,Belgium,11_2,Negative affect balance,3-year pooled survey windows,2010,2025,16,6,0,,non-annual design: blank years are not automatically missing data
BEL,Belgium,1_1,Households and NPISHs net adjusted disposable income per capita,annual,2010,2024,15,15,0,,no internal annual gaps
BEL,Belgium,1_2,Top average household disposable income quintile,irregular/periodic,2018,2023,6,6,0,,non-annual design: blank years are not automatically missing data
BEL,Belgium,1_3,Median net wealth,irregular/periodic,2010,2020,4,4,7,2011;2012;2013;2015;2016;2018;2019,non-annual design: blank years are not automatically missing data
BEL,Belgium,2_1,Employment rate,annual,2010,2025,16,16,0,,no internal annual gaps
BEL,Belgium,2_2,Gender wage gap,annual/irregular,2010,2022,13,13,0,,no internal annual gaps
BEL,Belgium,2_7,Long hours in paid work,annual,2010,2025,16,16,0,,no internal annual gaps
BEL,Belgium,3_1,Households living in overcrowded conditions,irregular/periodic,2010,2024,15,15,0,,non-annual design: blank years are not automatically missing data
BEL,Belgium,3_2,Housing affordability,annual,2010,2024,15,15,0,,no internal annual gaps
BEL,Belgium,4_1,Time off,irregular/periodic,2012,2012,1,1,0,,non-annual design: blank years are not automatically missing data
BEL,Belgium,4_3,Gender gap in working hours,irregular/periodic,2012,2013,2,2,0,,non-annual design: blank years are not automatically missing data
BEL,Belgium,5_1,Life expectancy at birth,annual,2010,2023,14,14,0,,no internal annual gaps
BEL,Belgium,5_3,"Deaths from suicide, alcohol, drugs",annual,2010,2022,13,13,0,,no internal annual gaps
BEL,Belgium,6_2,Student mathematics skills,PISA cycle,2012,2022,4,4,7,2013;2014;2016;2017;2019;2020;2021,non-annual design: blank years are not automatically missing data
BEL,Belgium,7_1_DEP,Lack of social support,3-year pooled survey windows,2010,2025,16,6,0,,non-annual design: blank years are not automatically missing data
BEL,Belgium,7_2,Time spent in social interactions,time-use survey waves,2012,2012,1,1,0,,non-annual design: blank years are not automatically missing data
BEL,Belgium,8_1_DEP,Not having a say in government,survey waves,2021,2023,2,2,1,2022,non-annual design: blank years are not automatically missing data
BEL,Belgium,8_2,Voter turnout,election-based,2010,2024,4,4,11,2011;2012;2013;2015;2016;2017;2018;2020;2021;2022;2023,non-annual design: blank years are not automatically missing data
BEL,Belgium,9_2,Exposed to air pollution,annual to 2020,2010,2020,11,11,0,,no internal annual gaps
BEL,Belgium,9_3,Exposure to extreme temperature,annual,2010,2024,15,15,0,,no internal annual gaps
BGR,Bulgaria,11_1,Life satisfaction,sparse survey years,2013,2025,7,7,6,2014;2015;2016;2017;2019;2020,non-annual design: blank years are not automatically missing data
BGR,Bulgaria,11_2,Negative affect balance,3-year pooled survey windows,2010,2025,16,6,0,,non-annual design: blank years are not automatically missing data
BGR,Bulgaria,1_1,Households and NPISHs net adjusted disposable income per capita,annual,2010,2022,13,13,0,,no internal annual gaps
BGR,Bulgaria,1_2,Top average household disposable income quintile,irregular/periodic,2010,2023,14,14,0,,non-annual design: blank years are not automatically missing data
BGR,Bulgaria,2_1,Employment rate,annual,2010,2025,16,16,0,,no internal annual gaps
BGR,Bulgaria,2_2,Gender wage gap,annual/irregular,2010,2024,5,5,10,2011;2012;2013;2015;2016;2017;2019;2020;2021;2023,potential missing annual observations
BGR,Bulgaria,2_7,Long hours in paid work,annual,2010,2025,16,16,0,,no internal annual gaps
BGR,Bulgaria,3_1,Households living in overcrowded conditions,irregular/periodic,2010,2024,15,15,0,,non-annual design: blank years are not automatically missing data
BGR,Bulgaria,3_2,Housing affordability,annual,2010,2022,13,13,0,,no internal annual gaps
BGR,Bulgaria,5_1,Life expectancy at birth,annual,2010,2023,14,14,0,,no internal annual gaps
BGR,Bulgaria,5_3,"Deaths from suicide, alcohol, drugs",annual,2010,2023,14,14,0,,no internal annual gaps
BGR,Bulgaria,7_1_DEP,Lack of social support,3-year pooled survey windows,2010,2025,16,6,0,,non-annual design: blank years are not automatically missing data
BGR,Bulgaria,8_2,Voter turnout,election-based,2013,2026,8,8,6,2015;2016;2018;2019;2020;2025,non-annual design: blank years are not automatically missing data
BGR,Bulgaria,9_2,Exposed to air pollution,annual to 2020,2010,2020,11,11,0,,no internal annual gaps
BGR,Bulgaria,9_3,Exposure to extreme temperature,annual,2010,2024,15,15,0,,no internal annual gaps
BRA,Brazil,11_2,Negative affect balance,3-year pooled survey windows,2010,2025,16,6,0,,non-annual design: blank years are not automatically missing data
BRA,Brazil,1_2,Top average household disposable income quintile,irregular/periodic,2016,2022,7,7,0,,non-annual design: blank years are not automatically missing data
BRA,Brazil,2_1,Employment rate,annual,2011,2024,14,14,0,,no internal annual gaps
BRA,Brazil,2_2,Gender wage gap,annual/irregular,2012,2023,12,12,0,,no internal annual gaps
BRA,Brazil,2_7,Long hours in paid work,annual,2011,2024,14,14,0,,no internal annual gaps
BRA,Brazil,5_1,Life expectancy at birth,annual,2010,2023,14,14,0,,no internal annual gaps
BRA,Brazil,5_3,"Deaths from suicide, alcohol, drugs",annual,2010,2023,14,14,0,,no internal annual gaps
BRA,Brazil,6_2,Student mathematics skills,PISA cycle,2012,2018,3,3,4,2013;2014;2016;2017,non-annual design: blank years are not automatically missing data
BRA,Brazil,7_1_DEP,Lack of social support,3-year pooled survey windows,2010,2025,16,6,0,,non-annual design: blank years are not automatically missing data
BRA,Brazil,8_2,Voter turnout,election-based,2010,2022,4,4,9,2011;2012;2013;2015;2016;2017;2019;2020;2021,non-annual design: blank years are not automatically missing data
BRA,Brazil,9_2,Exposed to air pollution,annual to 2020,2010,2020,11,11,0,,no internal annual gaps
BRA,Brazil,9_3,Exposure to extreme temperature,annual,2010,2024,15,15,0,,no internal annual gaps
CAN,Canada,11_1,Life satisfaction,sparse survey years,2010,2023,14,14,0,,non-annual design: blank years are not automatically missing data
CAN,Canada,11_2,Negative affect balance,3-year pooled survey windows,2010,2025,16,6,0,,non-annual design: blank years are not automatically missing data
CAN,Canada,1_1,Households and NPISHs net adjusted disposable income per capita,annual,2010,2025,16,16,0,,no internal annual gaps
CAN,Canada,1_2,Top average household disposable income quintile,irregular/periodic,2010,2023,14,14,0,,non-annual design: blank years are not automatically missing data
CAN,Canada,1_3,Median net wealth,irregular/periodic,2012,2023,4,4,8,2013;2014;2015;2017;2018;2020;2021;2022,non-annual design: blank years are not automatically missing data
CAN,Canada,2_1,Employment rate,annual,2010,2025,16,16,0,,no internal annual gaps
CAN,Canada,2_2,Gender wage gap,annual/irregular,2010,2024,15,15,0,,no internal annual gaps
CAN,Canada,2_7,Long hours in paid work,annual,2010,2025,16,16,0,,no internal annual gaps
CAN,Canada,3_2,Housing affordability,annual,2010,2025,16,16,0,,no internal annual gaps
CAN,Canada,4_1,Time off,irregular/periodic,2010,2022,3,3,10,2011;2012;2013;2014;2016;2017;2018;2019;2020;2021,non-annual design: blank years are not automatically missing data
CAN,Canada,4_3,Gender gap in working hours,irregular/periodic,2010,2022,3,3,10,2011;2012;2013;2014;2016;2017;2018;2019;2020;2021,non-annual design: blank years are not automatically missing data
CAN,Canada,5_1,Life expectancy at birth,annual,2010,2023,14,14,0,,no internal annual gaps
CAN,Canada,5_3,"Deaths from suicide, alcohol, drugs",annual,2010,2024,15,15,0,,no internal annual gaps
CAN,Canada,6_2,Student mathematics skills,PISA cycle,2012,2022,4,4,7,2013;2014;2016;2017;2019;2020;2021,non-annual design: blank years are not automatically missing data
CAN,Canada,7_1_DEP,Lack of social support,3-year pooled survey windows,2010,2025,16,6,0,,non-annual design: blank years are not automatically missing data
CAN,Canada,7_2,Time spent in social interactions,time-use survey waves,2010,2022,3,3,10,2011;2012;2013;2014;2016;2017;2018;2019;2020;2021,non-annual design: blank years are not automatically missing data
CAN,Canada,8_1_DEP,Not having a say in government,survey waves,2021,2023,2,2,1,2022,non-annual design: blank years are not automatically missing data
CAN,Canada,8_2,Voter turnout,election-based,2011,2025,7,7,8,2012;2013;2014;2016;2017;2018;2022;2024,non-annual design: blank years are not automatically missing data
CAN,Canada,9_2,Exposed to air pollution,annual to 2020,2010,2020,11,11,0,,no internal annual gaps
CAN,Canada,9_3,Exposure to extreme temperature,annual,2010,2024,15,15,0,,no internal annual gaps
CHE,Switzerland,11_1,Life satisfaction,sparse survey years,2013,2024,6,6,6,2014;2015;2016;2017;2019;2020,non-annual design: blank years are not automatically missing data
CHE,Switzerland,11_2,Negative affect balance,3-year pooled survey windows,2010,2025,16,6,0,,non-annual design: blank years are not automatically missing data
CHE,Switzerland,1_1,Households and NPISHs net adjusted disposable income per capita,annual,2010,2023,14,14,0,,no internal annual gaps
CHE,Switzerland,1_2,Top average household disposable income quintile,irregular/periodic,2010,2023,14,14,0,,non-annual design: blank years are not automatically missing data
CHE,Switzerland,2_1,Employment rate,annual,2010,2025,16,16,0,,no internal annual gaps
CHE,Switzerland,2_2,Gender wage gap,annual/irregular,2010,2024,9,9,6,2011;2013;2015;2017;2019;2023,potential missing annual observations
CHE,Switzerland,2_7,Long hours in paid work,annual,2010,2025,16,16,0,,no internal annual gaps
CHE,Switzerland,3_1,Households living in overcrowded conditions,irregular/periodic,2010,2023,13,13,1,2017,non-annual design: blank years are not automatically missing data
CHE,Switzerland,3_2,Housing affordability,annual,2010,2022,13,13,0,,no internal annual gaps
CHE,Switzerland,5_1,Life expectancy at birth,annual,2010,2023,14,14,0,,no internal annual gaps
CHE,Switzerland,5_3,"Deaths from suicide, alcohol, drugs",annual,2010,2023,14,14,0,,no internal annual gaps
CHE,Switzerland,6_2,Student mathematics skills,PISA cycle,2012,2022,4,4,7,2013;2014;2016;2017;2019;2020;2021,non-annual design: blank years are not automatically missing data
CHE,Switzerland,7_1_DEP,Lack of social support,3-year pooled survey windows,2010,2025,16,6,0,,non-annual design: blank years are not automatically missing data
CHE,Switzerland,8_1_DEP,Not having a say in government,survey waves,2023,2023,1,1,0,,non-annual design: blank years are not automatically missing data
CHE,Switzerland,8_2,Voter turnout,election-based,2011,2023,4,4,9,2012;2013;2014;2016;2017;2018;2020;2021;2022,non-annual design: blank years are not automatically missing data
CHE,Switzerland,9_2,Exposed to air pollution,annual to 2020,2010,2020,11,11,0,,no internal annual gaps
CHE,Switzerland,9_3,Exposure to extreme temperature,annual,2010,2024,15,15,0,,no internal annual gaps
CHL,Chile,11_2,Negative affect balance,3-year pooled survey windows,2010,2025,16,6,0,,non-annual design: blank years are not automatically missing data
CHL,Chile,1_2,Top average household disposable income quintile,irregular/periodic,2011,2022,6,6,6,2012;2014;2016;2018;2019;2021,non-annual design: blank years are not automatically missing data
CHL,Chile,1_3,Median net wealth,irregular/periodic,2011,2021,4,4,7,2012;2013;2015;2016;2018;2019;2020,non-annual design: blank years are not automatically missing data
CHL,Chile,2_1,Employment rate,annual,2010,2025,16,16,0,,no internal annual gaps
CHL,Chile,2_2,Gender wage gap,annual/irregular,2011,2023,8,8,5,2012;2014;2016;2018;2019,potential missing annual observations
CHL,Chile,2_7,Long hours in paid work,annual,2010,2025,16,16,0,,no internal annual gaps
CHL,Chile,3_1,Households living in overcrowded conditions,irregular/periodic,2011,2013,2,2,1,2012,non-annual design: blank years are not automatically missing data
CHL,Chile,3_2,Housing affordability,annual,2018,2024,7,7,0,,no internal annual gaps
CHL,Chile,5_1,Life expectancy at birth,annual,2010,2024,15,15,0,,no internal annual gaps
CHL,Chile,5_3,"Deaths from suicide, alcohol, drugs",annual,2010,2023,14,14,0,,no internal annual gaps
CHL,Chile,6_2,Student mathematics skills,PISA cycle,2012,2022,4,4,7,2013;2014;2016;2017;2019;2020;2021,non-annual design: blank years are not automatically missing data
CHL,Chile,7_1_DEP,Lack of social support,3-year pooled survey windows,2010,2025,16,6,0,,non-annual design: blank years are not automatically missing data
CHL,Chile,8_1_DEP,Not having a say in government,survey waves,2023,2023,1,1,0,,non-annual design: blank years are not automatically missing data
CHL,Chile,8_2,Voter turnout,election-based,2010,2025,5,5,11,2011;2012;2014;2015;2016;2018;2019;2020;2022;2023;2024,non-annual design: blank years are not automatically missing data
CHL,Chile,9_2,Exposed to air pollution,annual to 2020,2010,2020,11,11,0,,no internal annual gaps
CHL,Chile,9_3,Exposure to extreme temperature,annual,2010,2024,15,15,0,,no internal annual gaps
COL,Colombia,11_1,Life satisfaction,sparse survey years,2018,2022,5,5,0,,non-annual design: blank years are not automatically missing data
COL,Colombia,11_2,Negative affect balance,3-year pooled survey windows,2010,2025,16,6,0,,non-annual design: blank years are not automatically missing data
COL,Colombia,2_1,Employment rate,annual,2010,2025,16,16,0,,no internal annual gaps
COL,Colombia,2_2,Gender wage gap,annual/irregular,2010,2024,15,15,0,,no internal annual gaps
COL,Colombia,2_7,Long hours in paid work,annual,2010,2025,16,16,0,,no internal annual gaps
COL,Colombia,3_1,Households living in overcrowded conditions,irregular/periodic,2010,2024,15,15,0,,non-annual design: blank years are not automatically missing data
COL,Colombia,3_2,Housing affordability,annual,2010,2024,15,15,0,,no internal annual gaps
COL,Colombia,5_1,Life expectancy at birth,annual,2010,2024,15,15,0,,no internal annual gaps
COL,Colombia,5_3,"Deaths from suicide, alcohol, drugs",annual,2010,2023,14,14,0,,no internal annual gaps
COL,Colombia,6_2,Student mathematics skills,PISA cycle,2012,2022,4,4,7,2013;2014;2016;2017;2019;2020;2021,non-annual design: blank years are not automatically missing data
COL,Colombia,7_1_DEP,Lack of social support,3-year pooled survey windows,2010,2025,16,6,0,,non-annual design: blank years are not automatically missing data
COL,Colombia,8_1_DEP,Not having a say in government,survey waves,2021,2023,2,2,1,2022,non-annual design: blank years are not automatically missing data
COL,Colombia,8_2,Voter turnout,election-based,2010,2022,4,4,9,2011;2012;2013;2015;2016;2017;2019;2020;2021,non-annual design: blank years are not automatically missing data
COL,Colombia,9_2,Exposed to air pollution,annual to 2020,2010,2020,11,11,0,,no internal annual gaps
COL,Colombia,9_3,Exposure to extreme temperature,annual,2010,2024,15,15,0,,no internal annual gaps
CRI,Costa Rica,11_2,Negative affect balance,3-year pooled survey windows,2010,2025,16,6,0,,non-annual design: blank years are not automatically missing data
CRI,Costa Rica,1_1,Households and NPISHs net adjusted disposable income per capita,annual,2012,2021,10,10,0,,no internal annual gaps
CRI,Costa Rica,1_2,Top average household disposable income quintile,irregular/periodic,2010,2025,16,16,0,,non-annual design: blank years are not automatically missing data
CRI,Costa Rica,2_1,Employment rate,annual,2010,2025,16,16,0,,no internal annual gaps
CRI,Costa Rica,2_2,Gender wage gap,annual/irregular,2010,2024,15,15,0,,no internal annual gaps
CRI,Costa Rica,2_7,Long hours in paid work,annual,2010,2025,16,16,0,,no internal annual gaps
CRI,Costa Rica,3_1,Households living in overcrowded conditions,irregular/periodic,2010,2024,15,15,0,,non-annual design: blank years are not automatically missing data
CRI,Costa Rica,3_2,Housing affordability,annual,2012,2021,10,10,0,,no internal annual gaps
CRI,Costa Rica,5_1,Life expectancy at birth,annual,2010,2023,14,14,0,,no internal annual gaps
CRI,Costa Rica,5_3,"Deaths from suicide, alcohol, drugs",annual,2010,2023,14,14,0,,no internal annual gaps
CRI,Costa Rica,6_2,Student mathematics skills,PISA cycle,2012,2022,4,4,7,2013;2014;2016;2017;2019;2020;2021,non-annual design: blank years are not automatically missing data
CRI,Costa Rica,7_1_DEP,Lack of social support,3-year pooled survey windows,2010,2025,16,6,0,,non-annual design: blank years are not automatically missing data
CRI,Costa Rica,8_1_DEP,Not having a say in government,survey waves,2023,2023,1,1,0,,non-annual design: blank years are not automatically missing data
CRI,Costa Rica,8_2,Voter turnout,election-based,2010,2026,5,5,12,2011;2012;2013;2015;2016;2017;2019;2020;2021;2023;2024;2025,non-annual design: blank years are not automatically missing data
CRI,Costa Rica,9_2,Exposed to air pollution,annual to 2020,2010,2020,11,11,0,,no internal annual gaps
CRI,Costa Rica,9_3,Exposure to extreme temperature,annual,2010,2024,15,15,0,,no internal annual gaps
CZE,Czechia,11_1,Life satisfaction,sparse survey years,2013,2025,7,7,6,2014;2015;2016;2017;2019;2020,non-annual design: blank years are not automatically missing data
CZE,Czechia,11_2,Negative affect balance,3-year pooled survey windows,2010,2025,16,6,0,,non-annual design: blank years are not automatically missing data
CZE,Czechia,1_1,Households and NPISHs net adjusted disposable income per capita,annual,2010,2024,15,15,0,,no internal annual gaps
CZE,Czechia,1_2,Top average household disposable income quintile,irregular/periodic,2010,2023,14,14,0,,non-annual design: blank years are not automatically missing data
CZE,Czechia,1_3,Median net wealth,irregular/periodic,2021,2021,1,1,0,,non-annual design: blank years are not automatically missing data
CZE,Czechia,2_1,Employment rate,annual,2010,2025,16,16,0,,no internal annual gaps
CZE,Czechia,2_2,Gender wage gap,annual/irregular,2010,2024,15,15,0,,no internal annual gaps
CZE,Czechia,2_7,Long hours in paid work,annual,2010,2025,16,16,0,,no internal annual gaps
CZE,Czechia,3_1,Households living in overcrowded conditions,irregular/periodic,2010,2024,15,15,0,,non-annual design: blank years are not automatically missing data
CZE,Czechia,3_2,Housing affordability,annual,2010,2024,15,15,0,,no internal annual gaps
CZE,Czechia,5_1,Life expectancy at birth,annual,2010,2023,14,14,0,,no internal annual gaps
CZE,Czechia,5_3,"Deaths from suicide, alcohol, drugs",annual,2010,2024,15,15,0,,no internal annual gaps
CZE,Czechia,6_2,Student mathematics skills,PISA cycle,2012,2022,4,4,7,2013;2014;2016;2017;2019;2020;2021,non-annual design: blank years are not automatically missing data
CZE,Czechia,7_1_DEP,Lack of social support,3-year pooled survey windows,2010,2025,16,6,0,,non-annual design: blank years are not automatically missing data
CZE,Czechia,8_1_DEP,Not having a say in government,survey waves,2023,2023,1,1,0,,non-annual design: blank years are not automatically missing data
CZE,Czechia,8_2,Voter turnout,election-based,2013,2023,3,3,8,2014;2015;2016;2017;2019;2020;2021;2022,non-annual design: blank years are not automatically missing data
CZE,Czechia,9_2,Exposed to air pollution,annual to 2020,2010,2020,11,11,0,,no internal annual gaps
CZE,Czechia,9_3,Exposure to extreme temperature,annual,2010,2024,15,15,0,,no internal annual gaps
DEU,Germany,11_1,Life satisfaction,sparse survey years,2013,2025,6,6,7,2014;2015;2016;2017;2019;2020;2022,non-annual design: blank years are not automatically missing data
DEU,Germany,11_2,Negative affect balance,3-year pooled survey windows,2010,2025,16,6,0,,non-annual design: blank years are not automatically missing data
DEU,Germany,1_1,Households and NPISHs net adjusted disposable income per capita,annual,2010,2025,16,16,0,,no internal annual gaps
DEU,Germany,1_2,Top average household disposable income quintile,irregular/periodic,2011,2023,13,13,0,,non-annual design: blank years are not automatically missing data
DEU,Germany,1_3,Median net wealth,irregular/periodic,2011,2021,4,4,7,2012;2013;2015;2016;2018;2019;2020,non-annual design: blank years are not automatically missing data
DEU,Germany,2_1,Employment rate,annual,2010,2025,16,16,0,,no internal annual gaps
DEU,Germany,2_2,Gender wage gap,annual/irregular,2010,2024,15,15,0,,no internal annual gaps
DEU,Germany,2_7,Long hours in paid work,annual,2010,2025,16,16,0,,no internal annual gaps
DEU,Germany,3_1,Households living in overcrowded conditions,irregular/periodic,2010,2024,8,8,7,2011;2013;2015;2016;2017;2018;2019,non-annual design: blank years are not automatically missing data
DEU,Germany,3_2,Housing affordability,annual,2010,2024,15,15,0,,no internal annual gaps
DEU,Germany,4_1,Time off,irregular/periodic,2012,2012,1,1,0,,non-annual design: blank years are not automatically missing data
DEU,Germany,4_3,Gender gap in working hours,irregular/periodic,2012,2012,1,1,0,,non-annual design: blank years are not automatically missing data
DEU,Germany,5_1,Life expectancy at birth,annual,2010,2023,14,14,0,,no internal annual gaps
DEU,Germany,5_3,"Deaths from suicide, alcohol, drugs",annual,2010,2020,11,11,0,,no internal annual gaps
DEU,Germany,6_2,Student mathematics skills,PISA cycle,2012,2022,4,4,7,2013;2014;2016;2017;2019;2020;2021,non-annual design: blank years are not automatically missing data
DEU,Germany,7_1_DEP,Lack of social support,3-year pooled survey windows,2010,2025,16,6,0,,non-annual design: blank years are not automatically missing data
DEU,Germany,7_2,Time spent in social interactions,time-use survey waves,2012,2012,1,1,0,,non-annual design: blank years are not automatically missing data
DEU,Germany,8_1_DEP,Not having a say in government,survey waves,2023,2023,1,1,0,,non-annual design: blank years are not automatically missing data
DEU,Germany,8_2,Voter turnout,election-based,2013,2025,4,4,9,2014;2015;2016;2018;2019;2020;2022;2023;2024,non-annual design: blank years are not automatically missing data
DEU,Germany,9_2,Exposed to air pollution,annual to 2020,2010,2020,11,11,0,,no internal annual gaps
DEU,Germany,9_3,Exposure to extreme temperature,annual,2010,2024,15,15,0,,no internal annual gaps
DNK,Denmark,11_1,Life satisfaction,sparse survey years,2013,2025,7,7,6,2014;2015;2016;2017;2019;2020,non-annual design: blank years are not automatically missing data
DNK,Denmark,11_2,Negative affect balance,3-year pooled survey windows,2010,2025,16,6,0,,non-annual design: blank years are not automatically missing data
DNK,Denmark,1_1,Households and NPISHs net adjusted disposable income per capita,annual,2010,2025,16,16,0,,no internal annual gaps
DNK,Denmark,1_2,Top average household disposable income quintile,irregular/periodic,2011,2022,12,12,0,,non-annual design: blank years are not automatically missing data
DNK,Denmark,1_3,Median net wealth,irregular/periodic,2015,2022,3,3,5,2016;2017;2018;2020;2021,non-annual design: blank years are not automatically missing data
DNK,Denmark,2_1,Employment rate,annual,2010,2025,16,16,0,,no internal annual gaps
DNK,Denmark,2_2,Gender wage gap,annual/irregular,2010,2024,15,15,0,,no internal annual gaps
DNK,Denmark,2_7,Long hours in paid work,annual,2010,2025,16,16,0,,no internal annual gaps
DNK,Denmark,3_1,Households living in overcrowded conditions,irregular/periodic,2010,2024,15,15,0,,non-annual design: blank years are not automatically missing data
DNK,Denmark,3_2,Housing affordability,annual,2010,2024,15,15,0,,no internal annual gaps
DNK,Denmark,5_1,Life expectancy at birth,annual,2010,2023,14,14,0,,no internal annual gaps
DNK,Denmark,5_3,"Deaths from suicide, alcohol, drugs",annual,2010,2022,13,13,0,,no internal annual gaps
DNK,Denmark,6_2,Student mathematics skills,PISA cycle,2012,2022,4,4,7,2013;2014;2016;2017;2019;2020;2021,non-annual design: blank years are not automatically missing data
DNK,Denmark,7_1_DEP,Lack of social support,3-year pooled survey windows,2010,2025,16,6,0,,non-annual design: blank years are not automatically missing data
DNK,Denmark,8_1_DEP,Not having a say in government,survey waves,2021,2023,2,2,1,2022,non-annual design: blank years are not automatically missing data
DNK,Denmark,8_2,Voter turnout,election-based,2011,2026,5,5,11,2012;2013;2014;2016;2017;2018;2020;2021;2023;2024;2025,non-annual design: blank years are not automatically missing data
DNK,Denmark,9_2,Exposed to air pollution,annual to 2020,2010,2020,11,11,0,,no internal annual gaps
DNK,Denmark,9_3,Exposure to extreme temperature,annual,2010,2024,15,15,0,,no internal annual gaps
ESP,Spain,11_1,Life satisfaction,sparse survey years,2013,2025,7,7,6,2014;2015;2016;2017;2019;2020,non-annual design: blank years are not automatically missing data
ESP,Spain,11_2,Negative affect balance,3-year pooled survey windows,2010,2025,16,6,0,,non-annual design: blank years are not automatically missing data
ESP,Spain,1_1,Households and NPISHs net adjusted disposable income per capita,annual,2010,2024,15,15,0,,no internal annual gaps
ESP,Spain,1_2,Top average household disposable income quintile,irregular/periodic,2010,2023,14,14,0,,non-annual design: blank years are not automatically missing data
ESP,Spain,1_3,Median net wealth,irregular/periodic,2012,2021,4,4,6,2013;2015;2016;2017;2019;2020,non-annual design: blank years are not automatically missing data
ESP,Spain,2_1,Employment rate,annual,2010,2025,16,16,0,,no internal annual gaps
ESP,Spain,2_2,Gender wage gap,annual/irregular,2010,2024,6,6,9,2011;2012;2013;2015;2016;2017;2019;2020;2021,potential missing annual observations
ESP,Spain,2_7,Long hours in paid work,annual,2010,2025,16,16,0,,no internal annual gaps
ESP,Spain,3_1,Households living in overcrowded conditions,irregular/periodic,2010,2024,15,15,0,,non-annual design: blank years are not automatically missing data
ESP,Spain,3_2,Housing affordability,annual,2010,2024,15,15,0,,no internal annual gaps
ESP,Spain,5_1,Life expectancy at birth,annual,2010,2023,14,14,0,,no internal annual gaps
ESP,Spain,5_3,"Deaths from suicide, alcohol, drugs",annual,2010,2024,15,15,0,,no internal annual gaps
ESP,Spain,6_2,Student mathematics skills,PISA cycle,2012,2022,4,4,7,2013;2014;2016;2017;2019;2020;2021,non-annual design: blank years are not automatically missing data
ESP,Spain,7_1_DEP,Lack of social support,3-year pooled survey windows,2010,2025,16,6,0,,non-annual design: blank years are not automatically missing data
ESP,Spain,8_1_DEP,Not having a say in government,survey waves,2023,2023,1,1,0,,non-annual design: blank years are not automatically missing data
ESP,Spain,8_2,Voter turnout,election-based,2011,2023,5,5,8,2012;2013;2014;2017;2018;2020;2021;2022,non-annual design: blank years are not automatically missing data
ESP,Spain,9_2,Exposed to air pollution,annual to 2020,2010,2020,11,11,0,,no internal annual gaps
ESP,Spain,9_3,Exposure to extreme temperature,annual,2010,2024,15,15,0,,no internal annual gaps
EST,Estonia,11_1,Life satisfaction,sparse survey years,2013,2025,7,7,6,2014;2015;2016;2017;2019;2020,non-annual design: blank years are not automatically missing data
EST,Estonia,11_2,Negative affect balance,3-year pooled survey windows,2010,2025,16,6,0,,non-annual design: blank years are not automatically missing data
EST,Estonia,1_1,Households and NPISHs net adjusted disposable income per capita,annual,2010,2024,15,15,0,,no internal annual gaps
EST,Estonia,1_2,Top average household disposable income quintile,irregular/periodic,2013,2023,11,11,0,,non-annual design: blank years are not automatically missing data
EST,Estonia,1_3,Median net wealth,irregular/periodic,2013,2021,3,3,6,2014;2015;2016;2018;2019;2020,non-annual design: blank years are not automatically missing data
EST,Estonia,2_1,Employment rate,annual,2010,2025,16,16,0,,no internal annual gaps
EST,Estonia,2_2,Gender wage gap,annual/irregular,2010,2024,6,6,9,2011;2012;2013;2015;2016;2017;2019;2020;2021,potential missing annual observations
EST,Estonia,2_7,Long hours in paid work,annual,2010,2025,16,16,0,,no internal annual gaps
EST,Estonia,3_1,Households living in overcrowded conditions,irregular/periodic,2011,2024,14,14,0,,non-annual design: blank years are not automatically missing data
EST,Estonia,3_2,Housing affordability,annual,2010,2023,14,14,0,,no internal annual gaps
EST,Estonia,5_1,Life expectancy at birth,annual,2010,2023,14,14,0,,no internal annual gaps
EST,Estonia,5_3,"Deaths from suicide, alcohol, drugs",annual,2010,2024,15,15,0,,no internal annual gaps
EST,Estonia,6_2,Student mathematics skills,PISA cycle,2012,2022,4,4,7,2013;2014;2016;2017;2019;2020;2021,non-annual design: blank years are not automatically missing data
EST,Estonia,7_1_DEP,Lack of social support,3-year pooled survey windows,2010,2025,16,6,0,,non-annual design: blank years are not automatically missing data
EST,Estonia,8_1_DEP,Not having a say in government,survey waves,2021,2023,2,2,1,2022,non-annual design: blank years are not automatically missing data
EST,Estonia,8_2,Voter turnout,election-based,2011,2023,4,4,9,2012;2013;2014;2016;2017;2018;2020;2021;2022,non-annual design: blank years are not automatically missing data
EST,Estonia,9_2,Exposed to air pollution,annual to 2020,2010,2020,11,11,0,,no internal annual gaps
EST,Estonia,9_3,Exposure to extreme temperature,annual,2010,2024,15,15,0,,no internal annual gaps
FIN,Finland,11_1,Life satisfaction,sparse survey years,2013,2025,7,7,6,2014;2015;2016;2017;2019;2020,non-annual design: blank years are not automatically missing data
FIN,Finland,11_2,Negative affect balance,3-year pooled survey windows,2010,2025,16,6,0,,non-annual design: blank years are not automatically missing data
FIN,Finland,1_1,Households and NPISHs net adjusted disposable income per capita,annual,2010,2025,16,16,0,,no internal annual gaps
FIN,Finland,1_2,Top average household disposable income quintile,irregular/periodic,2010,2024,15,15,0,,non-annual design: blank years are not automatically missing data
FIN,Finland,1_3,Median net wealth,irregular/periodic,2013,2019,3,3,4,2014;2015;2017;2018,non-annual design: blank years are not automatically missing data
FIN,Finland,2_1,Employment rate,annual,2010,2025,16,16,0,,no internal annual gaps
FIN,Finland,2_2,Gender wage gap,annual/irregular,2010,2024,15,15,0,,no internal annual gaps
FIN,Finland,2_7,Long hours in paid work,annual,2010,2025,16,16,0,,no internal annual gaps
FIN,Finland,3_1,Households living in overcrowded conditions,irregular/periodic,2010,2024,15,15,0,,non-annual design: blank years are not automatically missing data
FIN,Finland,3_2,Housing affordability,annual,2010,2024,15,15,0,,no internal annual gaps
FIN,Finland,5_1,Life expectancy at birth,annual,2010,2023,14,14,0,,no internal annual gaps
FIN,Finland,5_3,"Deaths from suicide, alcohol, drugs",annual,2010,2024,15,15,0,,no internal annual gaps
FIN,Finland,6_2,Student mathematics skills,PISA cycle,2012,2022,4,4,7,2013;2014;2016;2017;2019;2020;2021,non-annual design: blank years are not automatically missing data
FIN,Finland,7_1_DEP,Lack of social support,3-year pooled survey windows,2010,2025,16,6,0,,non-annual design: blank years are not automatically missing data
FIN,Finland,8_1_DEP,Not having a say in government,survey waves,2021,2023,2,2,1,2022,non-annual design: blank years are not automatically missing data
FIN,Finland,8_2,Voter turnout,election-based,2012,2024,3,3,10,2013;2014;2015;2016;2017;2019;2020;2021;2022;2023,non-annual design: blank years are not automatically missing data
FIN,Finland,9_2,Exposed to air pollution,annual to 2020,2010,2020,11,11,0,,no internal annual gaps
FIN,Finland,9_3,Exposure to extreme temperature,annual,2010,2024,15,15,0,,no internal annual gaps
FRA,France,11_1,Life satisfaction,sparse survey years,2013,2025,7,7,6,2014;2015;2016;2017;2019;2020,non-annual design: blank years are not automatically missing data
FRA,France,11_2,Negative affect balance,3-year pooled survey windows,2010,2025,16,6,0,,non-annual design: blank years are not automatically missing data
FRA,France,1_1,Households and NPISHs net adjusted disposable income per capita,annual,2010,2024,15,15,0,,no internal annual gaps
FRA,France,1_2,Top average household disposable income quintile,irregular/periodic,2020,2023,4,4,0,,non-annual design: blank years are not automatically missing data
FRA,France,1_3,Median net wealth,irregular/periodic,2014,2020,3,3,4,2015;2016;2018;2019,non-annual design: blank years are not automatically missing data
FRA,France,2_1,Employment rate,annual,2010,2025,16,16,0,,no internal annual gaps
FRA,France,2_2,Gender wage gap,annual/irregular,2010,2024,6,6,9,2011;2012;2013;2015;2016;2017;2019;2020;2021,potential missing annual observations
FRA,France,2_7,Long hours in paid work,annual,2010,2025,16,16,0,,no internal annual gaps
FRA,France,3_1,Households living in overcrowded conditions,irregular/periodic,2010,2024,15,15,0,,non-annual design: blank years are not automatically missing data
FRA,France,3_2,Housing affordability,annual,2010,2024,15,15,0,,no internal annual gaps
FRA,France,5_1,Life expectancy at birth,annual,2010,2023,14,14,0,,no internal annual gaps
FRA,France,5_3,"Deaths from suicide, alcohol, drugs",annual,2010,2023,14,14,0,,no internal annual gaps
FRA,France,6_2,Student mathematics skills,PISA cycle,2012,2022,4,4,7,2013;2014;2016;2017;2019;2020;2021,non-annual design: blank years are not automatically missing data
FRA,France,7_1_DEP,Lack of social support,3-year pooled survey windows,2010,2025,16,6,0,,non-annual design: blank years are not automatically missing data
FRA,France,8_1_DEP,Not having a say in government,survey waves,2021,2023,2,2,1,2022,non-annual design: blank years are not automatically missing data
FRA,France,8_2,Voter turnout,election-based,2012,2022,3,3,8,2013;2014;2015;2016;2018;2019;2020;2021,non-annual design: blank years are not automatically missing data
FRA,France,9_2,Exposed to air pollution,annual to 2020,2010,2020,11,11,0,,no internal annual gaps
FRA,France,9_3,Exposure to extreme temperature,annual,2010,2024,15,15,0,,no internal annual gaps
GBR,United Kingdom,11_1,Life satisfaction,sparse survey years,2011,2022,12,12,0,,non-annual design: blank years are not automatically missing data
GBR,United Kingdom,11_2,Negative affect balance,3-year pooled survey windows,2010,2025,16,6,0,,non-annual design: blank years are not automatically missing data
GBR,United Kingdom,1_1,Households and NPISHs net adjusted disposable income per capita,annual,2010,2024,15,15,0,,no internal annual gaps
GBR,United Kingdom,1_2,Top average household disposable income quintile,irregular/periodic,2010,2023,14,14,0,,non-annual design: blank years are not automatically missing data
GBR,United Kingdom,1_3,Median net wealth,irregular/periodic,2011,2017,4,4,3,2012;2014;2016,non-annual design: blank years are not automatically missing data
GBR,United Kingdom,2_1,Employment rate,annual,2010,2025,16,16,0,,no internal annual gaps
GBR,United Kingdom,2_2,Gender wage gap,annual/irregular,2010,2024,15,15,0,,no internal annual gaps
GBR,United Kingdom,2_7,Long hours in paid work,annual,2010,2025,16,16,0,,no internal annual gaps
GBR,United Kingdom,3_1,Households living in overcrowded conditions,irregular/periodic,2010,2022,13,13,0,,non-annual design: blank years are not automatically missing data
GBR,United Kingdom,3_2,Housing affordability,annual,2010,2024,15,15,0,,no internal annual gaps
GBR,United Kingdom,4_1,Time off,irregular/periodic,2014,2014,1,1,0,,non-annual design: blank years are not automatically missing data
GBR,United Kingdom,4_3,Gender gap in working hours,irregular/periodic,2014,2014,1,1,0,,non-annual design: blank years are not automatically missing data
GBR,United Kingdom,5_1,Life expectancy at birth,annual,2010,2023,14,14,0,,no internal annual gaps
GBR,United Kingdom,5_3,"Deaths from suicide, alcohol, drugs",annual,2010,2024,15,15,0,,no internal annual gaps
GBR,United Kingdom,6_2,Student mathematics skills,PISA cycle,2012,2022,4,4,7,2013;2014;2016;2017;2019;2020;2021,non-annual design: blank years are not automatically missing data
GBR,United Kingdom,7_1_DEP,Lack of social support,3-year pooled survey windows,2010,2025,16,6,0,,non-annual design: blank years are not automatically missing data
GBR,United Kingdom,7_2,Time spent in social interactions,time-use survey waves,2014,2014,1,1,0,,non-annual design: blank years are not automatically missing data
GBR,United Kingdom,8_1_DEP,Not having a say in government,survey waves,2021,2023,2,2,1,2022,non-annual design: blank years are not automatically missing data
GBR,United Kingdom,8_2,Voter turnout,election-based,2010,2024,5,5,10,2011;2012;2013;2014;2016;2018;2020;2021;2022;2023,non-annual design: blank years are not automatically missing data
GBR,United Kingdom,9_2,Exposed to air pollution,annual to 2020,2010,2020,11,11,0,,no internal annual gaps
GBR,United Kingdom,9_3,Exposure to extreme temperature,annual,2010,2024,15,15,0,,no internal annual gaps
GRC,Greece,11_1,Life satisfaction,sparse survey years,2013,2025,7,7,6,2014;2015;2016;2017;2019;2020,non-annual design: blank years are not automatically missing data
GRC,Greece,11_2,Negative affect balance,3-year pooled survey windows,2010,2025,16,6,0,,non-annual design: blank years are not automatically missing data
GRC,Greece,1_1,Households and NPISHs net adjusted disposable income per capita,annual,2010,2024,15,15,0,,no internal annual gaps
GRC,Greece,1_2,Top average household disposable income quintile,irregular/periodic,2010,2023,14,14,0,,non-annual design: blank years are not automatically missing data
GRC,Greece,1_3,Median net wealth,irregular/periodic,2014,2021,3,3,5,2015;2016;2017;2019;2020,non-annual design: blank years are not automatically missing data
GRC,Greece,2_1,Employment rate,annual,2010,2025,16,16,0,,no internal annual gaps
GRC,Greece,2_2,Gender wage gap,annual/irregular,2010,2022,4,4,9,2011;2012;2013;2015;2016;2017;2019;2020;2021,potential missing annual observations
GRC,Greece,2_7,Long hours in paid work,annual,2010,2025,16,16,0,,no internal annual gaps
GRC,Greece,3_1,Households living in overcrowded conditions,irregular/periodic,2010,2024,15,15,0,,non-annual design: blank years are not automatically missing data
GRC,Greece,3_2,Housing affordability,annual,2010,2024,15,15,0,,no internal annual gaps
GRC,Greece,4_1,Time off,irregular/periodic,2013,2013,1,1,0,,non-annual design: blank years are not automatically missing data
GRC,Greece,4_3,Gender gap in working hours,irregular/periodic,2013,2013,1,1,0,,non-annual design: blank years are not automatically missing data
GRC,Greece,5_1,Life expectancy at birth,annual,2010,2023,14,14,0,,no internal annual gaps
GRC,Greece,5_3,"Deaths from suicide, alcohol, drugs",annual,2014,2022,9,9,0,,no internal annual gaps
GRC,Greece,6_2,Student mathematics skills,PISA cycle,2012,2022,4,4,7,2013;2014;2016;2017;2019;2020;2021,non-annual design: blank years are not automatically missing data
GRC,Greece,7_1_DEP,Lack of social support,3-year pooled survey windows,2010,2025,16,6,0,,non-annual design: blank years are not automatically missing data
GRC,Greece,7_2,Time spent in social interactions,time-use survey waves,2012,2012,1,1,0,,non-annual design: blank years are not automatically missing data
GRC,Greece,8_1_DEP,Not having a say in government,survey waves,2023,2023,1,1,0,,non-annual design: blank years are not automatically missing data
GRC,Greece,8_2,Voter turnout,election-based,2012,2023,4,4,8,2013;2014;2016;2017;2018;2020;2021;2022,non-annual design: blank years are not automatically missing data
GRC,Greece,9_2,Exposed to air pollution,annual to 2020,2010,2020,11,11,0,,no internal annual gaps
GRC,Greece,9_3,Exposure to extreme temperature,annual,2010,2024,15,15,0,,no internal annual gaps
HRV,Croatia,11_1,Life satisfaction,sparse survey years,2013,2025,7,7,6,2014;2015;2016;2017;2019;2020,non-annual design: blank years are not automatically missing data
HRV,Croatia,11_2,Negative affect balance,3-year pooled survey windows,2010,2025,16,6,0,,non-annual design: blank years are not automatically missing data
HRV,Croatia,1_1,Households and NPISHs net adjusted disposable income per capita,annual,2010,2024,15,15,0,,no internal annual gaps
HRV,Croatia,1_2,Top average household disposable income quintile,irregular/periodic,2010,2023,14,14,0,,non-annual design: blank years are not automatically missing data
HRV,Croatia,1_3,Median net wealth,irregular/periodic,2017,2020,2,2,2,2018;2019,non-annual design: blank years are not automatically missing data
HRV,Croatia,2_1,Employment rate,annual,2010,2025,16,16,0,,no internal annual gaps
HRV,Croatia,2_2,Gender wage gap,annual/irregular,2010,2022,4,4,9,2011;2012;2013;2015;2016;2017;2019;2020;2021,potential missing annual observations
HRV,Croatia,2_7,Long hours in paid work,annual,2010,2025,16,16,0,,no internal annual gaps
HRV,Croatia,3_1,Households living in overcrowded conditions,irregular/periodic,2016,2024,9,9,0,,non-annual design: blank years are not automatically missing data
HRV,Croatia,3_2,Housing affordability,annual,2010,2024,15,15,0,,no internal annual gaps
HRV,Croatia,5_1,Life expectancy at birth,annual,2010,2023,14,14,0,,no internal annual gaps
HRV,Croatia,5_3,"Deaths from suicide, alcohol, drugs",annual,2010,2023,13,13,1,2022,potential missing annual observations
HRV,Croatia,7_1_DEP,Lack of social support,3-year pooled survey windows,2010,2025,16,6,0,,non-annual design: blank years are not automatically missing data
HRV,Croatia,8_2,Voter turnout,election-based,2011,2024,5,5,9,2012;2013;2014;2017;2018;2019;2021;2022;2023,non-annual design: blank years are not automatically missing data
HRV,Croatia,9_2,Exposed to air pollution,annual to 2020,2010,2020,11,11,0,,no internal annual gaps
HRV,Croatia,9_3,Exposure to extreme temperature,annual,2010,2024,15,15,0,,no internal annual gaps
HUN,Hungary,11_1,Life satisfaction,sparse survey years,2013,2025,7,7,6,2014;2015;2016;2017;2019;2020,non-annual design: blank years are not automatically missing data
HUN,Hungary,11_2,Negative affect balance,3-year pooled survey windows,2010,2025,16,6,0,,non-annual design: blank years are not automatically missing data
HUN,Hungary,1_1,Households and NPISHs net adjusted disposable income per capita,annual,2010,2024,15,15,0,,no internal annual gaps
HUN,Hungary,1_2,Top average household disposable income quintile,irregular/periodic,2010,2023,14,14,0,,non-annual design: blank years are not automatically missing data
HUN,Hungary,1_3,Median net wealth,irregular/periodic,2014,2020,3,3,4,2015;2016;2018;2019,non-annual design: blank years are not automatically missing data
HUN,Hungary,2_1,Employment rate,annual,2010,2025,16,16,0,,no internal annual gaps
HUN,Hungary,2_2,Gender wage gap,annual/irregular,2010,2023,14,14,0,,no internal annual gaps
HUN,Hungary,2_7,Long hours in paid work,annual,2010,2025,16,16,0,,no internal annual gaps
HUN,Hungary,3_1,Households living in overcrowded conditions,irregular/periodic,2010,2018,9,9,0,,non-annual design: blank years are not automatically missing data
HUN,Hungary,3_2,Housing affordability,annual,2010,2024,15,15,0,,no internal annual gaps
HUN,Hungary,5_1,Life expectancy at birth,annual,2010,2023,14,14,0,,no internal annual gaps
HUN,Hungary,5_3,"Deaths from suicide, alcohol, drugs",annual,2010,2024,15,15,0,,no internal annual gaps
HUN,Hungary,6_2,Student mathematics skills,PISA cycle,2012,2022,4,4,7,2013;2014;2016;2017;2019;2020;2021,non-annual design: blank years are not automatically missing data
HUN,Hungary,7_1_DEP,Lack of social support,3-year pooled survey windows,2010,2025,16,6,0,,non-annual design: blank years are not automatically missing data
HUN,Hungary,8_2,Voter turnout,election-based,2010,2026,5,5,12,2011;2012;2013;2015;2016;2017;2019;2020;2021;2023;2024;2025,non-annual design: blank years are not automatically missing data
HUN,Hungary,9_2,Exposed to air pollution,annual to 2020,2010,2020,11,11,0,,no internal annual gaps
HUN,Hungary,9_3,Exposure to extreme temperature,annual,2010,2024,15,15,0,,no internal annual gaps
IDN,Indonesia,11_2,Negative affect balance,3-year pooled survey windows,2010,2025,16,6,0,,non-annual design: blank years are not automatically missing data
IDN,Indonesia,2_1,Employment rate,annual,2010,2019,10,10,0,,no internal annual gaps
IDN,Indonesia,2_7,Long hours in paid work,annual,2010,2017,8,8,0,,no internal annual gaps
IDN,Indonesia,5_1,Life expectancy at birth,annual,2010,2023,14,14,0,,no internal annual gaps
IDN,Indonesia,7_1_DEP,Lack of social support,3-year pooled survey windows,2010,2025,16,6,0,,non-annual design: blank years are not automatically missing data
IDN,Indonesia,8_2,Voter turnout,election-based,2014,2024,3,3,8,2015;2016;2017;2018;2020;2021;2022;2023,non-annual design: blank years are not automatically missing data
IDN,Indonesia,9_2,Exposed to air pollution,annual to 2020,2010,2020,11,11,0,,no internal annual gaps
IDN,Indonesia,9_3,Exposure to extreme temperature,annual,2010,2024,15,15,0,,no internal annual gaps
IRL,Ireland,11_1,Life satisfaction,sparse survey years,2013,2025,7,7,6,2014;2015;2016;2017;2019;2020,non-annual design: blank years are not automatically missing data
IRL,Ireland,11_2,Negative affect balance,3-year pooled survey windows,2010,2025,16,6,0,,non-annual design: blank years are not automatically missing data
IRL,Ireland,1_1,Households and NPISHs net adjusted disposable income per capita,annual,2010,2024,15,15,0,,no internal annual gaps
IRL,Ireland,1_2,Top average household disposable income quintile,irregular/periodic,2010,2023,14,14,0,,non-annual design: blank years are not automatically missing data
IRL,Ireland,1_3,Median net wealth,irregular/periodic,2013,2020,3,3,5,2014;2015;2016;2017;2019,non-annual design: blank years are not automatically missing data
IRL,Ireland,2_1,Employment rate,annual,2010,2025,16,16,0,,no internal annual gaps
IRL,Ireland,2_2,Gender wage gap,annual/irregular,2010,2024,6,6,9,2011;2012;2013;2015;2016;2017;2019;2020;2021,potential missing annual observations
IRL,Ireland,2_7,Long hours in paid work,annual,2010,2025,16,16,0,,no internal annual gaps
IRL,Ireland,3_1,Households living in overcrowded conditions,irregular/periodic,2010,2024,15,15,0,,non-annual design: blank years are not automatically missing data
IRL,Ireland,3_2,Housing affordability,annual,2010,2024,15,15,0,,no internal annual gaps
IRL,Ireland,5_1,Life expectancy at birth,annual,2010,2023,14,14,0,,no internal annual gaps
IRL,Ireland,5_3,"Deaths from suicide, alcohol, drugs",annual,2010,2022,13,13,0,,no internal annual gaps
IRL,Ireland,6_2,Student mathematics skills,PISA cycle,2012,2022,4,4,7,2013;2014;2016;2017;2019;2020;2021,non-annual design: blank years are not automatically missing data
IRL,Ireland,7_1_DEP,Lack of social support,3-year pooled survey windows,2010,2025,16,6,0,,non-annual design: blank years are not automatically missing data
IRL,Ireland,8_1_DEP,Not having a say in government,survey waves,2021,2023,2,2,1,2022,non-annual design: blank years are not automatically missing data
IRL,Ireland,8_2,Voter turnout,election-based,2011,2024,4,4,10,2012;2013;2014;2015;2017;2018;2019;2021;2022;2023,non-annual design: blank years are not automatically missing data
IRL,Ireland,9_2,Exposed to air pollution,annual to 2020,2010,2020,11,11,0,,no internal annual gaps
IRL,Ireland,9_3,Exposure to extreme temperature,annual,2010,2024,15,15,0,,no internal annual gaps
ISL,Iceland,11_1,Life satisfaction,sparse survey years,2013,2018,2,2,4,2014;2015;2016;2017,non-annual design: blank years are not automatically missing data
ISL,Iceland,11_2,Negative affect balance,3-year pooled survey windows,2010,2025,16,6,0,,non-annual design: blank years are not automatically missing data
ISL,Iceland,1_1,Households and NPISHs net adjusted disposable income per capita,annual,2010,2024,15,15,0,,no internal annual gaps
ISL,Iceland,1_2,Top average household disposable income quintile,irregular/periodic,2010,2019,10,10,0,,non-annual design: blank years are not automatically missing data
ISL,Iceland,2_1,Employment rate,annual,2010,2025,16,16,0,,no internal annual gaps
ISL,Iceland,2_2,Gender wage gap,annual/irregular,2010,2022,4,4,9,2011;2012;2013;2015;2016;2017;2019;2020;2021,potential missing annual observations
ISL,Iceland,2_7,Long hours in paid work,annual,2010,2025,16,16,0,,no internal annual gaps
ISL,Iceland,3_1,Households living in overcrowded conditions,irregular/periodic,2010,2020,10,10,1,2017,non-annual design: blank years are not automatically missing data
ISL,Iceland,3_2,Housing affordability,annual,2010,2024,15,15,0,,no internal annual gaps
ISL,Iceland,5_1,Life expectancy at birth,annual,2010,2023,14,14,0,,no internal annual gaps
ISL,Iceland,5_3,"Deaths from suicide, alcohol, drugs",annual,2010,2024,15,15,0,,no internal annual gaps
ISL,Iceland,6_2,Student mathematics skills,PISA cycle,2012,2022,4,4,7,2013;2014;2016;2017;2019;2020;2021,non-annual design: blank years are not automatically missing data
ISL,Iceland,7_1_DEP,Lack of social support,3-year pooled survey windows,2010,2025,16,6,0,,non-annual design: blank years are not automatically missing data
ISL,Iceland,8_1_DEP,Not having a say in government,survey waves,2021,2023,2,2,1,2022,non-annual design: blank years are not automatically missing data
ISL,Iceland,8_2,Voter turnout,election-based,2012,2024,4,4,9,2013;2014;2015;2017;2018;2019;2021;2022;2023,non-annual design: blank years are not automatically missing data
ISL,Iceland,9_2,Exposed to air pollution,annual to 2020,2010,2020,11,11,0,,no internal annual gaps
ISL,Iceland,9_3,Exposure to extreme temperature,annual,2010,2024,15,15,0,,no internal annual gaps
ISR,Israel,11_2,Negative affect balance,3-year pooled survey windows,2010,2025,16,6,0,,non-annual design: blank years are not automatically missing data
ISR,Israel,1_2,Top average household disposable income quintile,irregular/periodic,2011,2023,13,13,0,,non-annual design: blank years are not automatically missing data
ISR,Israel,2_1,Employment rate,annual,2010,2025,16,16,0,,no internal annual gaps
ISR,Israel,2_2,Gender wage gap,annual/irregular,2010,2022,13,13,0,,no internal annual gaps
ISR,Israel,2_7,Long hours in paid work,annual,2010,2025,16,16,0,,no internal annual gaps
ISR,Israel,5_1,Life expectancy at birth,annual,2010,2023,14,14,0,,no internal annual gaps
ISR,Israel,5_3,"Deaths from suicide, alcohol, drugs",annual,2010,2023,14,14,0,,no internal annual gaps
ISR,Israel,6_2,Student mathematics skills,PISA cycle,2012,2022,4,4,7,2013;2014;2016;2017;2019;2020;2021,non-annual design: blank years are not automatically missing data
ISR,Israel,7_1_DEP,Lack of social support,3-year pooled survey windows,2010,2025,16,6,0,,non-annual design: blank years are not automatically missing data
ISR,Israel,8_2,Voter turnout,election-based,2013,2022,6,6,4,2014;2016;2017;2018,non-annual design: blank years are not automatically missing data
ISR,Israel,9_2,Exposed to air pollution,annual to 2020,2010,2020,11,11,0,,no internal annual gaps
ISR,Israel,9_3,Exposure to extreme temperature,annual,2010,2024,15,15,0,,no internal annual gaps
ITA,Italy,11_1,Life satisfaction,sparse survey years,2013,2025,7,7,6,2014;2015;2016;2017;2019;2020,non-annual design: blank years are not automatically missing data
ITA,Italy,11_2,Negative affect balance,3-year pooled survey windows,2010,2025,16,6,0,,non-annual design: blank years are not automatically missing data
ITA,Italy,1_1,Households and NPISHs net adjusted disposable income per capita,annual,2010,2025,16,16,0,,no internal annual gaps
ITA,Italy,1_2,Top average household disposable income quintile,irregular/periodic,2010,2023,14,14,0,,non-annual design: blank years are not automatically missing data
ITA,Italy,1_3,Median net wealth,irregular/periodic,2010,2020,4,4,7,2011;2012;2013;2015;2017;2018;2019,non-annual design: blank years are not automatically missing data
ITA,Italy,2_1,Employment rate,annual,2010,2025,16,16,0,,no internal annual gaps
ITA,Italy,2_2,Gender wage gap,annual/irregular,2010,2024,6,6,9,2011;2012;2013;2015;2016;2017;2019;2020;2021,potential missing annual observations
ITA,Italy,2_7,Long hours in paid work,annual,2010,2025,16,16,0,,no internal annual gaps
ITA,Italy,3_1,Households living in overcrowded conditions,irregular/periodic,2010,2024,15,15,0,,non-annual design: blank years are not automatically missing data
ITA,Italy,3_2,Housing affordability,annual,2010,2025,16,16,0,,no internal annual gaps
ITA,Italy,4_1,Time off,irregular/periodic,2013,2013,1,1,0,,non-annual design: blank years are not automatically missing data
ITA,Italy,4_3,Gender gap in working hours,irregular/periodic,2013,2013,1,1,0,,non-annual design: blank years are not automatically missing data
ITA,Italy,5_1,Life expectancy at birth,annual,2010,2023,14,14,0,,no internal annual gaps
ITA,Italy,5_3,"Deaths from suicide, alcohol, drugs",annual,2010,2023,14,14,0,,no internal annual gaps
ITA,Italy,6_2,Student mathematics skills,PISA cycle,2012,2022,4,4,7,2013;2014;2016;2017;2019;2020;2021,non-annual design: blank years are not automatically missing data
ITA,Italy,7_1_DEP,Lack of social support,3-year pooled survey windows,2010,2025,16,6,0,,non-annual design: blank years are not automatically missing data
ITA,Italy,7_2,Time spent in social interactions,time-use survey waves,2013,2013,1,1,0,,non-annual design: blank years are not automatically missing data
ITA,Italy,8_1_DEP,Not having a say in government,survey waves,2023,2023,1,1,0,,non-annual design: blank years are not automatically missing data
ITA,Italy,8_2,Voter turnout,election-based,2013,2022,3,3,7,2014;2015;2016;2017;2019;2020;2021,non-annual design: blank years are not automatically missing data
ITA,Italy,9_2,Exposed to air pollution,annual to 2020,2010,2020,11,11,0,,no internal annual gaps
ITA,Italy,9_3,Exposure to extreme temperature,annual,2010,2024,15,15,0,,no internal annual gaps
JPN,Japan,11_1,Life satisfaction,sparse survey years,2019,2024,6,6,0,,non-annual design: blank years are not automatically missing data
JPN,Japan,11_2,Negative affect balance,3-year pooled survey windows,2010,2025,16,6,0,,non-annual design: blank years are not automatically missing data
JPN,Japan,1_1,Households and NPISHs net adjusted disposable income per capita,annual,2010,2024,15,15,0,,no internal annual gaps
JPN,Japan,1_2,Top average household disposable income quintile,irregular/periodic,2018,2021,2,2,2,2019;2020,non-annual design: blank years are not automatically missing data
JPN,Japan,1_3,Median net wealth,irregular/periodic,2014,2019,2,2,4,2015;2016;2017;2018,non-annual design: blank years are not automatically missing data
JPN,Japan,2_1,Employment rate,annual,2010,2025,16,16,0,,no internal annual gaps
JPN,Japan,2_2,Gender wage gap,annual/irregular,2010,2024,15,15,0,,no internal annual gaps
JPN,Japan,3_1,Households living in overcrowded conditions,irregular/periodic,2010,2023,9,9,5,2011;2013;2014;2015;2017,non-annual design: blank years are not automatically missing data
JPN,Japan,3_2,Housing affordability,annual,2010,2024,15,15,0,,no internal annual gaps
JPN,Japan,4_1,Time off,irregular/periodic,2011,2021,3,3,8,2012;2013;2014;2015;2017;2018;2019;2020,non-annual design: blank years are not automatically missing data
JPN,Japan,4_3,Gender gap in working hours,irregular/periodic,2011,2021,3,3,8,2012;2013;2014;2015;2017;2018;2019;2020,non-annual design: blank years are not automatically missing data
JPN,Japan,5_1,Life expectancy at birth,annual,2010,2023,14,14,0,,no internal annual gaps
JPN,Japan,5_3,"Deaths from suicide, alcohol, drugs",annual,2010,2023,14,14,0,,no internal annual gaps
JPN,Japan,6_2,Student mathematics skills,PISA cycle,2012,2022,4,4,7,2013;2014;2016;2017;2019;2020;2021,non-annual design: blank years are not automatically missing data
JPN,Japan,7_1_DEP,Lack of social support,3-year pooled survey windows,2010,2025,16,6,0,,non-annual design: blank years are not automatically missing data
JPN,Japan,7_2,Time spent in social interactions,time-use survey waves,2011,2021,3,3,8,2012;2013;2014;2015;2017;2018;2019;2020,non-annual design: blank years are not automatically missing data
JPN,Japan,8_1_DEP,Not having a say in government,survey waves,2021,2021,1,1,0,,non-annual design: blank years are not automatically missing data
JPN,Japan,8_2,Voter turnout,election-based,2012,2026,6,6,9,2013;2015;2016;2018;2019;2020;2022;2023;2025,non-annual design: blank years are not automatically missing data
JPN,Japan,9_2,Exposed to air pollution,annual to 2020,2010,2020,11,11,0,,no internal annual gaps
JPN,Japan,9_3,Exposure to extreme temperature,annual,2010,2024,15,15,0,,no internal annual gaps
KOR,Korea,11_1,Life satisfaction,sparse survey years,2013,2022,10,10,0,,non-annual design: blank years are not automatically missing data
KOR,Korea,11_2,Negative affect balance,3-year pooled survey windows,2010,2025,16,6,0,,non-annual design: blank years are not automatically missing data
KOR,Korea,1_1,Households and NPISHs net adjusted disposable income per capita,annual,2010,2024,15,15,0,,no internal annual gaps
KOR,Korea,1_2,Top average household disposable income quintile,irregular/periodic,2011,2023,13,13,0,,non-annual design: blank years are not automatically missing data
KOR,Korea,1_3,Median net wealth,irregular/periodic,2013,2023,4,4,7,2014;2016;2017;2018;2020;2021;2022,non-annual design: blank years are not automatically missing data
KOR,Korea,2_1,Employment rate,annual,2010,2025,16,16,0,,no internal annual gaps
KOR,Korea,2_2,Gender wage gap,annual/irregular,2010,2024,15,15,0,,no internal annual gaps
KOR,Korea,3_1,Households living in overcrowded conditions,irregular/periodic,2010,2023,9,9,5,2011;2012;2013;2015;2016,non-annual design: blank years are not automatically missing data
KOR,Korea,3_2,Housing affordability,annual,2010,2024,15,15,0,,no internal annual gaps
KOR,Korea,4_1,Time off,irregular/periodic,2014,2014,1,1,0,,non-annual design: blank years are not automatically missing data
KOR,Korea,4_3,Gender gap in working hours,irregular/periodic,2014,2014,1,1,0,,non-annual design: blank years are not automatically missing data
KOR,Korea,5_1,Life expectancy at birth,annual,2010,2023,14,14,0,,no internal annual gaps
KOR,Korea,5_3,"Deaths from suicide, alcohol, drugs",annual,2010,2023,14,14,0,,no internal annual gaps
KOR,Korea,6_2,Student mathematics skills,PISA cycle,2012,2022,4,4,7,2013;2014;2016;2017;2019;2020;2021,non-annual design: blank years are not automatically missing data
KOR,Korea,7_1_DEP,Lack of social support,3-year pooled survey windows,2010,2025,16,6,0,,non-annual design: blank years are not automatically missing data
KOR,Korea,7_2,Time spent in social interactions,time-use survey waves,2014,2014,1,1,0,,non-annual design: blank years are not automatically missing data
KOR,Korea,8_1_DEP,Not having a say in government,survey waves,2021,2023,2,2,1,2022,non-annual design: blank years are not automatically missing data
KOR,Korea,8_2,Voter turnout,election-based,2012,2025,4,4,10,2013;2014;2015;2016;2018;2019;2020;2021;2023;2024,non-annual design: blank years are not automatically missing data
KOR,Korea,9_3,Exposure to extreme temperature,annual,2010,2024,15,15,0,,no internal annual gaps
LTU,Lithuania,11_1,Life satisfaction,sparse survey years,2013,2025,7,7,6,2014;2015;2016;2017;2019;2020,non-annual design: blank years are not automatically missing data
LTU,Lithuania,11_2,Negative affect balance,3-year pooled survey windows,2010,2025,16,6,0,,non-annual design: blank years are not automatically missing data
LTU,Lithuania,1_1,Households and NPISHs net adjusted disposable income per capita,annual,2010,2024,15,15,0,,no internal annual gaps
LTU,Lithuania,1_2,Top average household disposable income quintile,irregular/periodic,2010,2023,14,14,0,,non-annual design: blank years are not automatically missing data
LTU,Lithuania,1_3,Median net wealth,irregular/periodic,2016,2021,2,2,4,2017;2018;2019;2020,non-annual design: blank years are not automatically missing data
LTU,Lithuania,2_1,Employment rate,annual,2010,2025,16,16,0,,no internal annual gaps
LTU,Lithuania,2_2,Gender wage gap,annual/irregular,2010,2024,6,6,9,2011;2012;2013;2015;2016;2017;2019;2020;2021,potential missing annual observations
LTU,Lithuania,2_7,Long hours in paid work,annual,2010,2025,16,16,0,,no internal annual gaps
LTU,Lithuania,3_1,Households living in overcrowded conditions,irregular/periodic,2010,2024,15,15,0,,non-annual design: blank years are not automatically missing data
LTU,Lithuania,3_2,Housing affordability,annual,2020,2023,4,4,0,,no internal annual gaps
LTU,Lithuania,5_1,Life expectancy at birth,annual,2010,2023,14,14,0,,no internal annual gaps
LTU,Lithuania,5_3,"Deaths from suicide, alcohol, drugs",annual,2010,2024,15,15,0,,no internal annual gaps
LTU,Lithuania,6_2,Student mathematics skills,PISA cycle,2012,2022,4,4,7,2013;2014;2016;2017;2019;2020;2021,non-annual design: blank years are not automatically missing data
LTU,Lithuania,7_1_DEP,Lack of social support,3-year pooled survey windows,2010,2025,16,6,0,,non-annual design: blank years are not automatically missing data
LTU,Lithuania,8_2,Voter turnout,election-based,2014,2024,3,3,8,2015;2016;2017;2018;2020;2021;2022;2023,non-annual design: blank years are not automatically missing data
LTU,Lithuania,9_2,Exposed to air pollution,annual to 2020,2010,2020,11,11,0,,no internal annual gaps
LTU,Lithuania,9_3,Exposure to extreme temperature,annual,2010,2024,15,15,0,,no internal annual gaps
LUX,Luxembourg,11_1,Life satisfaction,sparse survey years,2013,2025,7,7,6,2014;2015;2016;2017;2019;2020,non-annual design: blank years are not automatically missing data
LUX,Luxembourg,11_2,Negative affect balance,3-year pooled survey windows,2010,2025,16,6,0,,non-annual design: blank years are not automatically missing data
LUX,Luxembourg,1_1,Households and NPISHs net adjusted disposable income per capita,annual,2010,2024,15,15,0,,no internal annual gaps
LUX,Luxembourg,1_2,Top average household disposable income quintile,irregular/periodic,2015,2023,9,9,0,,non-annual design: blank years are not automatically missing data
LUX,Luxembourg,1_3,Median net wealth,irregular/periodic,2011,2021,4,4,7,2012;2013;2015;2016;2017;2019;2020,non-annual design: blank years are not automatically missing data
LUX,Luxembourg,2_1,Employment rate,annual,2010,2025,16,16,0,,no internal annual gaps
LUX,Luxembourg,2_2,Gender wage gap,annual/irregular,2010,2022,4,4,9,2011;2012;2013;2015;2016;2017;2019;2020;2021,potential missing annual observations
LUX,Luxembourg,2_7,Long hours in paid work,annual,2010,2025,16,16,0,,no internal annual gaps
LUX,Luxembourg,3_1,Households living in overcrowded conditions,irregular/periodic,2010,2024,15,15,0,,non-annual design: blank years are not automatically missing data
LUX,Luxembourg,3_2,Housing affordability,annual,2010,2024,15,15,0,,no internal annual gaps
LUX,Luxembourg,4_3,Gender gap in working hours,irregular/periodic,2014,2014,1,1,0,,non-annual design: blank years are not automatically missing data
LUX,Luxembourg,5_1,Life expectancy at birth,annual,2010,2023,14,14,0,,no internal annual gaps
LUX,Luxembourg,5_3,"Deaths from suicide, alcohol, drugs",annual,2010,2024,15,15,0,,no internal annual gaps
LUX,Luxembourg,6_2,Student mathematics skills,PISA cycle,2012,2018,3,3,4,2013;2014;2016;2017,non-annual design: blank years are not automatically missing data
LUX,Luxembourg,7_1_DEP,Lack of social support,3-year pooled survey windows,2010,2025,16,6,0,,non-annual design: blank years are not automatically missing data
LUX,Luxembourg,7_2,Time spent in social interactions,time-use survey waves,2012,2012,1,1,0,,non-annual design: blank years are not automatically missing data
LUX,Luxembourg,8_1_DEP,Not having a say in government,survey waves,2021,2023,2,2,1,2022,non-annual design: blank years are not automatically missing data
LUX,Luxembourg,8_2,Voter turnout,election-based,2013,2023,3,3,8,2014;2015;2016;2017;2019;2020;2021;2022,non-annual design: blank years are not automatically missing data
LUX,Luxembourg,9_2,Exposed to air pollution,annual to 2020,2010,2020,11,11,0,,no internal annual gaps
LUX,Luxembourg,9_3,Exposure to extreme temperature,annual,2010,2024,15,15,0,,no internal annual gaps
LVA,Latvia,11_1,Life satisfaction,sparse survey years,2013,2025,7,7,6,2014;2015;2016;2017;2019;2020,non-annual design: blank years are not automatically missing data
LVA,Latvia,11_2,Negative affect balance,3-year pooled survey windows,2010,2025,16,6,0,,non-annual design: blank years are not automatically missing data
LVA,Latvia,1_1,Households and NPISHs net adjusted disposable income per capita,annual,2010,2024,15,15,0,,no internal annual gaps
LVA,Latvia,1_2,Top average household disposable income quintile,irregular/periodic,2010,2023,14,14,0,,non-annual design: blank years are not automatically missing data
LVA,Latvia,1_3,Median net wealth,irregular/periodic,2014,2020,3,3,4,2015;2016;2018;2019,non-annual design: blank years are not automatically missing data
LVA,Latvia,2_1,Employment rate,annual,2010,2025,16,16,0,,no internal annual gaps
LVA,Latvia,2_2,Gender wage gap,annual/irregular,2010,2024,6,6,9,2011;2012;2013;2015;2016;2017;2019;2020;2021,potential missing annual observations
LVA,Latvia,2_7,Long hours in paid work,annual,2010,2025,16,16,0,,no internal annual gaps
LVA,Latvia,3_1,Households living in overcrowded conditions,irregular/periodic,2010,2024,15,15,0,,non-annual design: blank years are not automatically missing data
LVA,Latvia,3_2,Housing affordability,annual,2010,2024,15,15,0,,no internal annual gaps
LVA,Latvia,5_1,Life expectancy at birth,annual,2010,2023,14,14,0,,no internal annual gaps
LVA,Latvia,5_3,"Deaths from suicide, alcohol, drugs",annual,2010,2024,15,15,0,,no internal annual gaps
LVA,Latvia,6_2,Student mathematics skills,PISA cycle,2012,2022,4,4,7,2013;2014;2016;2017;2019;2020;2021,non-annual design: blank years are not automatically missing data
LVA,Latvia,7_1_DEP,Lack of social support,3-year pooled survey windows,2010,2025,16,6,0,,non-annual design: blank years are not automatically missing data
LVA,Latvia,8_1_DEP,Not having a say in government,survey waves,2021,2023,2,2,1,2022,non-annual design: blank years are not automatically missing data
LVA,Latvia,8_2,Voter turnout,election-based,2010,2022,5,5,8,2012;2013;2015;2016;2017;2019;2020;2021,non-annual design: blank years are not automatically missing data
LVA,Latvia,9_2,Exposed to air pollution,annual to 2020,2010,2020,11,11,0,,no internal annual gaps
LVA,Latvia,9_3,Exposure to extreme temperature,annual,2010,2024,15,15,0,,no internal annual gaps
MEX,Mexico,11_1,Life satisfaction,sparse survey years,2021,2021,1,1,0,,non-annual design: blank years are not automatically missing data
MEX,Mexico,11_2,Negative affect balance,3-year pooled survey windows,2010,2025,16,6,0,,non-annual design: blank years are not automatically missing data
MEX,Mexico,1_1,Households and NPISHs net adjusted disposable income per capita,annual,2010,2024,15,15,0,,no internal annual gaps
MEX,Mexico,1_2,Top average household disposable income quintile,irregular/periodic,2012,2022,6,6,5,2013;2015;2017;2019;2021,non-annual design: blank years are not automatically missing data
MEX,Mexico,2_1,Employment rate,annual,2010,2025,16,16,0,,no internal annual gaps
MEX,Mexico,2_2,Gender wage gap,annual/irregular,2010,2024,13,13,2,2019;2020,potential missing annual observations
MEX,Mexico,2_7,Long hours in paid work,annual,2010,2025,16,16,0,,no internal annual gaps
MEX,Mexico,3_1,Households living in overcrowded conditions,irregular/periodic,2010,2022,7,7,6,2011;2013;2015;2017;2019;2021,non-annual design: blank years are not automatically missing data
MEX,Mexico,3_2,Housing affordability,annual,2010,2024,15,15,0,,no internal annual gaps
MEX,Mexico,5_1,Life expectancy at birth,annual,2010,2024,15,15,0,,no internal annual gaps
MEX,Mexico,5_3,"Deaths from suicide, alcohol, drugs",annual,2010,2023,14,14,0,,no internal annual gaps
MEX,Mexico,6_2,Student mathematics skills,PISA cycle,2012,2022,4,4,7,2013;2014;2016;2017;2019;2020;2021,non-annual design: blank years are not automatically missing data
MEX,Mexico,7_1_DEP,Lack of social support,3-year pooled survey windows,2010,2025,16,6,0,,non-annual design: blank years are not automatically missing data
MEX,Mexico,8_1_DEP,Not having a say in government,survey waves,2023,2023,1,1,0,,non-annual design: blank years are not automatically missing data
MEX,Mexico,8_2,Voter turnout,election-based,2012,2024,4,4,9,2013;2014;2015;2016;2017;2019;2021;2022;2023,non-annual design: blank years are not automatically missing data
MEX,Mexico,9_2,Exposed to air pollution,annual to 2020,2010,2020,11,11,0,,no internal annual gaps
MEX,Mexico,9_3,Exposure to extreme temperature,annual,2010,2024,15,15,0,,no internal annual gaps
NLD,Netherlands,11_1,Life satisfaction,sparse survey years,2013,2025,7,7,6,2014;2015;2016;2017;2019;2020,non-annual design: blank years are not automatically missing data
NLD,Netherlands,11_2,Negative affect balance,3-year pooled survey windows,2010,2025,16,6,0,,non-annual design: blank years are not automatically missing data
NLD,Netherlands,1_1,Households and NPISHs net adjusted disposable income per capita,annual,2010,2025,16,16,0,,no internal annual gaps
NLD,Netherlands,1_2,Top average household disposable income quintile,irregular/periodic,2011,2024,14,14,0,,non-annual design: blank years are not automatically missing data
NLD,Netherlands,1_3,Median net wealth,irregular/periodic,2011,2023,5,5,8,2012;2013;2014;2016;2017;2018;2020;2021,non-annual design: blank years are not automatically missing data
NLD,Netherlands,2_1,Employment rate,annual,2010,2025,16,16,0,,no internal annual gaps
NLD,Netherlands,2_2,Gender wage gap,annual/irregular,2010,2024,6,6,9,2011;2012;2013;2015;2016;2017;2019;2020;2021,potential missing annual observations
NLD,Netherlands,2_7,Long hours in paid work,annual,2010,2025,16,16,0,,no internal annual gaps
NLD,Netherlands,3_1,Households living in overcrowded conditions,irregular/periodic,2010,2024,15,15,0,,non-annual design: blank years are not automatically missing data
NLD,Netherlands,3_2,Housing affordability,annual,2010,2024,15,15,0,,no internal annual gaps
NLD,Netherlands,4_1,Time off,irregular/periodic,2016,2016,1,1,0,,non-annual design: blank years are not automatically missing data
NLD,Netherlands,4_3,Gender gap in working hours,irregular/periodic,2016,2016,1,1,0,,non-annual design: blank years are not automatically missing data
NLD,Netherlands,5_1,Life expectancy at birth,annual,2010,2023,14,14,0,,no internal annual gaps
NLD,Netherlands,5_3,"Deaths from suicide, alcohol, drugs",annual,2010,2024,15,15,0,,no internal annual gaps
NLD,Netherlands,6_2,Student mathematics skills,PISA cycle,2012,2022,4,4,7,2013;2014;2016;2017;2019;2020;2021,non-annual design: blank years are not automatically missing data
NLD,Netherlands,7_1_DEP,Lack of social support,3-year pooled survey windows,2010,2025,16,6,0,,non-annual design: blank years are not automatically missing data
NLD,Netherlands,7_2,Time spent in social interactions,time-use survey waves,2016,2016,1,1,0,,non-annual design: blank years are not automatically missing data
NLD,Netherlands,8_1_DEP,Not having a say in government,survey waves,2021,2023,2,2,1,2022,non-annual design: blank years are not automatically missing data
NLD,Netherlands,8_2,Voter turnout,election-based,2010,2025,6,6,10,2011;2013;2014;2015;2016;2018;2019;2020;2022;2024,non-annual design: blank years are not automatically missing data
NLD,Netherlands,9_2,Exposed to air pollution,annual to 2020,2010,2020,11,11,0,,no internal annual gaps
NLD,Netherlands,9_3,Exposure to extreme temperature,annual,2010,2024,15,15,0,,no internal annual gaps
NOR,Norway,11_1,Life satisfaction,sparse survey years,2013,2025,7,7,6,2014;2015;2016;2017;2019;2020,non-annual design: blank years are not automatically missing data
NOR,Norway,11_2,Negative affect balance,3-year pooled survey windows,2010,2025,16,6,0,,non-annual design: blank years are not automatically missing data
NOR,Norway,1_1,Households and NPISHs net adjusted disposable income per capita,annual,2010,2022,13,13,0,,no internal annual gaps
NOR,Norway,1_2,Top average household disposable income quintile,irregular/periodic,2010,2023,14,14,0,,non-annual design: blank years are not automatically missing data
NOR,Norway,1_3,Median net wealth,irregular/periodic,2012,2022,4,4,7,2013;2014;2016;2017;2019;2020;2021,non-annual design: blank years are not automatically missing data
NOR,Norway,2_1,Employment rate,annual,2010,2025,16,16,0,,no internal annual gaps
NOR,Norway,2_2,Gender wage gap,annual/irregular,2010,2024,15,15,0,,no internal annual gaps
NOR,Norway,2_7,Long hours in paid work,annual,2010,2025,16,16,0,,no internal annual gaps
NOR,Norway,3_1,Households living in overcrowded conditions,irregular/periodic,2010,2024,14,14,1,2021,non-annual design: blank years are not automatically missing data
NOR,Norway,3_2,Housing affordability,annual,2010,2022,13,13,0,,no internal annual gaps
NOR,Norway,4_1,Time off,irregular/periodic,2010,2010,1,1,0,,non-annual design: blank years are not automatically missing data
NOR,Norway,4_3,Gender gap in working hours,irregular/periodic,2010,2010,1,1,0,,non-annual design: blank years are not automatically missing data
NOR,Norway,5_1,Life expectancy at birth,annual,2010,2023,14,14,0,,no internal annual gaps
NOR,Norway,5_3,"Deaths from suicide, alcohol, drugs",annual,2010,2016,7,7,0,,no internal annual gaps
NOR,Norway,6_2,Student mathematics skills,PISA cycle,2012,2022,4,4,7,2013;2014;2016;2017;2019;2020;2021,non-annual design: blank years are not automatically missing data
NOR,Norway,7_1_DEP,Lack of social support,3-year pooled survey windows,2010,2025,16,6,0,,non-annual design: blank years are not automatically missing data
NOR,Norway,7_2,Time spent in social interactions,time-use survey waves,2010,2010,1,1,0,,non-annual design: blank years are not automatically missing data
NOR,Norway,8_1_DEP,Not having a say in government,survey waves,2021,2023,2,2,1,2022,non-annual design: blank years are not automatically missing data
NOR,Norway,8_2,Voter turnout,election-based,2013,2025,4,4,9,2014;2015;2016;2018;2019;2020;2022;2023;2024,non-annual design: blank years are not automatically missing data
NOR,Norway,9_2,Exposed to air pollution,annual to 2020,2010,2020,11,11,0,,no internal annual gaps
NOR,Norway,9_3,Exposure to extreme temperature,annual,2010,2024,15,15,0,,no internal annual gaps
NZL,New Zealand,11_1,Life satisfaction,sparse survey years,2014,2023,5,5,5,2015;2017;2019;2020;2022,non-annual design: blank years are not automatically missing data
NZL,New Zealand,11_2,Negative affect balance,3-year pooled survey windows,2010,2025,16,6,0,,non-annual design: blank years are not automatically missing data
NZL,New Zealand,1_1,Households and NPISHs net adjusted disposable income per capita,annual,2010,2023,14,14,0,,no internal annual gaps
NZL,New Zealand,1_2,Top average household disposable income quintile,irregular/periodic,2010,2022,13,13,0,,non-annual design: blank years are not automatically missing data
NZL,New Zealand,1_3,Median net wealth,irregular/periodic,2014,2018,2,2,3,2015;2016;2017,non-annual design: blank years are not automatically missing data
NZL,New Zealand,2_1,Employment rate,annual,2010,2025,16,16,0,,no internal annual gaps
NZL,New Zealand,2_2,Gender wage gap,annual/irregular,2010,2024,15,15,0,,no internal annual gaps
NZL,New Zealand,2_7,Long hours in paid work,annual,2010,2025,16,16,0,,no internal annual gaps
NZL,New Zealand,3_1,Households living in overcrowded conditions,irregular/periodic,2013,2024,8,8,4,2014;2015;2016;2017,non-annual design: blank years are not automatically missing data
NZL,New Zealand,3_2,Housing affordability,annual,2010,2022,13,13,0,,no internal annual gaps
NZL,New Zealand,5_1,Life expectancy at birth,annual,2010,2023,14,14,0,,no internal annual gaps
NZL,New Zealand,5_3,"Deaths from suicide, alcohol, drugs",annual,2010,2020,11,11,0,,no internal annual gaps
NZL,New Zealand,6_2,Student mathematics skills,PISA cycle,2012,2022,4,4,7,2013;2014;2016;2017;2019;2020;2021,non-annual design: blank years are not automatically missing data
NZL,New Zealand,7_1_DEP,Lack of social support,3-year pooled survey windows,2010,2025,16,6,0,,non-annual design: blank years are not automatically missing data
NZL,New Zealand,8_1_DEP,Not having a say in government,survey waves,2021,2023,2,2,1,2022,non-annual design: blank years are not automatically missing data
NZL,New Zealand,8_2,Voter turnout,election-based,2011,2023,5,5,8,2012;2013;2015;2016;2018;2019;2021;2022,non-annual design: blank years are not automatically missing data
NZL,New Zealand,9_2,Exposed to air pollution,annual to 2020,2010,2020,11,11,0,,no internal annual gaps
NZL,New Zealand,9_3,Exposure to extreme temperature,annual,2010,2024,15,15,0,,no internal annual gaps
PER,Peru,11_2,Negative affect balance,3-year pooled survey windows,2010,2025,16,6,0,,non-annual design: blank years are not automatically missing data
PER,Peru,2_1,Employment rate,annual,2010,2024,15,15,0,,no internal annual gaps
PER,Peru,2_2,Gender wage gap,annual/irregular,2010,2022,12,12,1,2019,potential missing annual observations
PER,Peru,5_1,Life expectancy at birth,annual,2010,2024,15,15,0,,no internal annual gaps
PER,Peru,5_3,"Deaths from suicide, alcohol, drugs",annual,2010,2022,13,13,0,,no internal annual gaps
PER,Peru,7_1_DEP,Lack of social support,3-year pooled survey windows,2010,2025,16,6,0,,non-annual design: blank years are not automatically missing data
PER,Peru,8_2,Voter turnout,election-based,2011,2021,3,3,8,2012;2013;2014;2015;2017;2018;2019;2020,non-annual design: blank years are not automatically missing data
PER,Peru,9_2,Exposed to air pollution,annual to 2020,2010,2020,11,11,0,,no internal annual gaps
PER,Peru,9_3,Exposure to extreme temperature,annual,2010,2024,15,15,0,,no internal annual gaps
POL,Poland,11_1,Life satisfaction,sparse survey years,2013,2025,7,7,6,2014;2015;2016;2017;2019;2020,non-annual design: blank years are not automatically missing data
POL,Poland,11_2,Negative affect balance,3-year pooled survey windows,2010,2025,16,6,0,,non-annual design: blank years are not automatically missing data
POL,Poland,1_1,Households and NPISHs net adjusted disposable income per capita,annual,2010,2024,15,15,0,,no internal annual gaps
POL,Poland,1_2,Top average household disposable income quintile,irregular/periodic,2010,2023,14,14,0,,non-annual design: blank years are not automatically missing data
POL,Poland,1_3,Median net wealth,irregular/periodic,2014,2016,2,2,1,2015,non-annual design: blank years are not automatically missing data
POL,Poland,2_1,Employment rate,annual,2010,2025,16,16,0,,no internal annual gaps
POL,Poland,2_2,Gender wage gap,annual/irregular,2010,2024,9,9,6,2011;2013;2015;2017;2019;2021,potential missing annual observations
POL,Poland,2_7,Long hours in paid work,annual,2010,2025,16,16,0,,no internal annual gaps
POL,Poland,3_1,Households living in overcrowded conditions,irregular/periodic,2010,2024,15,15,0,,non-annual design: blank years are not automatically missing data
POL,Poland,3_2,Housing affordability,annual,2010,2024,15,15,0,,no internal annual gaps
POL,Poland,4_1,Time off,irregular/periodic,2012,2012,1,1,0,,non-annual design: blank years are not automatically missing data
POL,Poland,4_3,Gender gap in working hours,irregular/periodic,2012,2012,1,1,0,,non-annual design: blank years are not automatically missing data
POL,Poland,5_1,Life expectancy at birth,annual,2010,2023,14,14,0,,no internal annual gaps
POL,Poland,5_3,"Deaths from suicide, alcohol, drugs",annual,2010,2024,15,15,0,,no internal annual gaps
POL,Poland,6_2,Student mathematics skills,PISA cycle,2012,2022,4,4,7,2013;2014;2016;2017;2019;2020;2021,non-annual design: blank years are not automatically missing data
POL,Poland,7_1_DEP,Lack of social support,3-year pooled survey windows,2010,2025,16,6,0,,non-annual design: blank years are not automatically missing data
POL,Poland,7_2,Time spent in social interactions,time-use survey waves,2012,2023,2,2,10,2013;2014;2015;2016;2017;2018;2019;2020;2021;2022,non-annual design: blank years are not automatically missing data
POL,Poland,8_2,Voter turnout,election-based,2011,2023,4,4,9,2012;2013;2014;2016;2017;2018;2020;2021;2022,non-annual design: blank years are not automatically missing data
POL,Poland,9_2,Exposed to air pollution,annual to 2020,2010,2020,11,11,0,,no internal annual gaps
POL,Poland,9_3,Exposure to extreme temperature,annual,2010,2024,15,15,0,,no internal annual gaps
PRT,Portugal,11_1,Life satisfaction,sparse survey years,2013,2025,7,7,6,2014;2015;2016;2017;2019;2020,non-annual design: blank years are not automatically missing data
PRT,Portugal,11_2,Negative affect balance,3-year pooled survey windows,2010,2025,16,6,0,,non-annual design: blank years are not automatically missing data
PRT,Portugal,1_1,Households and NPISHs net adjusted disposable income per capita,annual,2010,2025,16,16,0,,no internal annual gaps
PRT,Portugal,1_2,Top average household disposable income quintile,irregular/periodic,2010,2023,14,14,0,,non-annual design: blank years are not automatically missing data
PRT,Portugal,1_3,Median net wealth,irregular/periodic,2010,2020,4,4,7,2011;2012;2014;2015;2016;2018;2019,non-annual design: blank years are not automatically missing data
PRT,Portugal,2_1,Employment rate,annual,2010,2025,16,16,0,,no internal annual gaps
PRT,Portugal,2_2,Gender wage gap,annual/irregular,2010,2022,4,4,9,2011;2012;2013;2015;2016;2017;2019;2020;2021,potential missing annual observations
PRT,Portugal,2_7,Long hours in paid work,annual,2010,2025,16,16,0,,no internal annual gaps
PRT,Portugal,3_1,Households living in overcrowded conditions,irregular/periodic,2010,2024,15,15,0,,non-annual design: blank years are not automatically missing data
PRT,Portugal,3_2,Housing affordability,annual,2010,2024,15,15,0,,no internal annual gaps
PRT,Portugal,5_1,Life expectancy at birth,annual,2010,2023,14,14,0,,no internal annual gaps
PRT,Portugal,5_3,"Deaths from suicide, alcohol, drugs",annual,2010,2022,11,11,2,2020;2021,potential missing annual observations
PRT,Portugal,6_2,Student mathematics skills,PISA cycle,2012,2022,4,4,7,2013;2014;2016;2017;2019;2020;2021,non-annual design: blank years are not automatically missing data
PRT,Portugal,7_1_DEP,Lack of social support,3-year pooled survey windows,2010,2025,16,6,0,,non-annual design: blank years are not automatically missing data
PRT,Portugal,8_1_DEP,Not having a say in government,survey waves,2021,2023,2,2,1,2022,non-annual design: blank years are not automatically missing data
PRT,Portugal,8_2,Voter turnout,election-based,2011,2025,6,6,9,2012;2013;2014;2016;2017;2018;2020;2021;2023,non-annual design: blank years are not automatically missing data
PRT,Portugal,9_2,Exposed to air pollution,annual to 2020,2010,2020,11,11,0,,no internal annual gaps
PRT,Portugal,9_3,Exposure to extreme temperature,annual,2010,2024,15,15,0,,no internal annual gaps
ROU,Romania,11_1,Life satisfaction,sparse survey years,2013,2025,7,7,6,2014;2015;2016;2017;2019;2020,non-annual design: blank years are not automatically missing data
ROU,Romania,11_2,Negative affect balance,3-year pooled survey windows,2010,2025,16,6,0,,non-annual design: blank years are not automatically missing data
ROU,Romania,1_1,Households and NPISHs net adjusted disposable income per capita,annual,2010,2025,16,16,0,,no internal annual gaps
ROU,Romania,1_2,Top average household disposable income quintile,irregular/periodic,2010,2023,14,14,0,,non-annual design: blank years are not automatically missing data
ROU,Romania,2_1,Employment rate,annual,2010,2025,16,16,0,,no internal annual gaps
ROU,Romania,2_2,Gender wage gap,annual/irregular,2010,2022,4,4,9,2011;2012;2013;2015;2016;2017;2019;2020;2021,potential missing annual observations
ROU,Romania,2_7,Long hours in paid work,annual,2010,2025,16,16,0,,no internal annual gaps
ROU,Romania,3_1,Households living in overcrowded conditions,irregular/periodic,2010,2024,15,15,0,,non-annual design: blank years are not automatically missing data
ROU,Romania,3_2,Housing affordability,annual,2010,2024,15,15,0,,no internal annual gaps
ROU,Romania,5_1,Life expectancy at birth,annual,2010,2023,14,14,0,,no internal annual gaps
ROU,Romania,5_3,"Deaths from suicide, alcohol, drugs",annual,2010,2023,14,14,0,,no internal annual gaps
ROU,Romania,7_1_DEP,Lack of social support,3-year pooled survey windows,2010,2025,16,6,0,,non-annual design: blank years are not automatically missing data
ROU,Romania,8_2,Voter turnout,election-based,2014,2025,4,4,8,2015;2016;2017;2018;2020;2021;2022;2023,non-annual design: blank years are not automatically missing data
ROU,Romania,9_2,Exposed to air pollution,annual to 2020,2010,2020,11,11,0,,no internal annual gaps
ROU,Romania,9_3,Exposure to extreme temperature,annual,2010,2024,15,15,0,,no internal annual gaps
SVK,Slovak Republic,11_1,Life satisfaction,sparse survey years,2013,2025,7,7,6,2014;2015;2016;2017;2019;2020,non-annual design: blank years are not automatically missing data
SVK,Slovak Republic,11_2,Negative affect balance,3-year pooled survey windows,2010,2025,16,6,0,,non-annual design: blank years are not automatically missing data
SVK,Slovak Republic,1_1,Households and NPISHs net adjusted disposable income per capita,annual,2010,2024,15,15,0,,no internal annual gaps
SVK,Slovak Republic,1_2,Top average household disposable income quintile,irregular/periodic,2010,2023,14,14,0,,non-annual design: blank years are not automatically missing data
SVK,Slovak Republic,1_3,Median net wealth,irregular/periodic,2010,2021,4,4,8,2011;2012;2013;2015;2016;2018;2019;2020,non-annual design: blank years are not automatically missing data
SVK,Slovak Republic,2_1,Employment rate,annual,2010,2025,16,16,0,,no internal annual gaps
SVK,Slovak Republic,2_2,Gender wage gap,annual/irregular,2010,2024,15,15,0,,no internal annual gaps
SVK,Slovak Republic,2_7,Long hours in paid work,annual,2010,2025,16,16,0,,no internal annual gaps
SVK,Slovak Republic,3_1,Households living in overcrowded conditions,irregular/periodic,2010,2024,15,15,0,,non-annual design: blank years are not automatically missing data
SVK,Slovak Republic,3_2,Housing affordability,annual,2010,2024,15,15,0,,no internal annual gaps
SVK,Slovak Republic,5_1,Life expectancy at birth,annual,2010,2023,14,14,0,,no internal annual gaps
SVK,Slovak Republic,5_3,"Deaths from suicide, alcohol, drugs",annual,2010,2024,13,13,2,2011;2015,potential missing annual observations
SVK,Slovak Republic,6_2,Student mathematics skills,PISA cycle,2012,2022,4,4,7,2013;2014;2016;2017;2019;2020;2021,non-annual design: blank years are not automatically missing data
SVK,Slovak Republic,7_1_DEP,Lack of social support,3-year pooled survey windows,2010,2025,16,6,0,,non-annual design: blank years are not automatically missing data
SVK,Slovak Republic,8_1_DEP,Not having a say in government,survey waves,2023,2023,1,1,0,,non-annual design: blank years are not automatically missing data
SVK,Slovak Republic,8_2,Voter turnout,election-based,2010,2023,5,5,9,2011;2013;2014;2015;2017;2018;2019;2021;2022,non-annual design: blank years are not automatically missing data
SVK,Slovak Republic,9_2,Exposed to air pollution,annual to 2020,2010,2020,11,11,0,,no internal annual gaps
SVK,Slovak Republic,9_3,Exposure to extreme temperature,annual,2010,2024,15,15,0,,no internal annual gaps
SVN,Slovenia,11_1,Life satisfaction,sparse survey years,2013,2025,7,7,6,2014;2015;2016;2017;2019;2020,non-annual design: blank years are not automatically missing data
SVN,Slovenia,11_2,Negative affect balance,3-year pooled survey windows,2010,2025,16,6,0,,non-annual design: blank years are not automatically missing data
SVN,Slovenia,1_1,Households and NPISHs net adjusted disposable income per capita,annual,2010,2024,15,15,0,,no internal annual gaps
SVN,Slovenia,1_2,Top average household disposable income quintile,irregular/periodic,2010,2023,14,14,0,,non-annual design: blank years are not automatically missing data
SVN,Slovenia,1_3,Median net wealth,irregular/periodic,2014,2021,3,3,5,2015;2016;2018;2019;2020,non-annual design: blank years are not automatically missing data
SVN,Slovenia,2_1,Employment rate,annual,2010,2025,16,16,0,,no internal annual gaps
SVN,Slovenia,2_2,Gender wage gap,annual/irregular,2010,2024,6,6,9,2011;2012;2013;2015;2016;2017;2019;2020;2021,potential missing annual observations
SVN,Slovenia,2_7,Long hours in paid work,annual,2010,2025,16,16,0,,no internal annual gaps
SVN,Slovenia,3_1,Households living in overcrowded conditions,irregular/periodic,2010,2024,15,15,0,,non-annual design: blank years are not automatically missing data
SVN,Slovenia,3_2,Housing affordability,annual,2010,2024,15,15,0,,no internal annual gaps
SVN,Slovenia,5_1,Life expectancy at birth,annual,2010,2023,14,14,0,,no internal annual gaps
SVN,Slovenia,5_3,"Deaths from suicide, alcohol, drugs",annual,2010,2024,15,15,0,,no internal annual gaps
SVN,Slovenia,6_2,Student mathematics skills,PISA cycle,2012,2022,4,4,7,2013;2014;2016;2017;2019;2020;2021,non-annual design: blank years are not automatically missing data
SVN,Slovenia,7_1_DEP,Lack of social support,3-year pooled survey windows,2010,2025,16,6,0,,non-annual design: blank years are not automatically missing data
SVN,Slovenia,8_1_DEP,Not having a say in government,survey waves,2023,2023,1,1,0,,non-annual design: blank years are not automatically missing data
SVN,Slovenia,8_2,Voter turnout,election-based,2011,2026,5,5,11,2012;2013;2015;2016;2017;2019;2020;2021;2023;2024;2025,non-annual design: blank years are not automatically missing data
SVN,Slovenia,9_2,Exposed to air pollution,annual to 2020,2010,2020,11,11,0,,no internal annual gaps
SVN,Slovenia,9_3,Exposure to extreme temperature,annual,2010,2024,15,15,0,,no internal annual gaps
SWE,Sweden,11_1,Life satisfaction,sparse survey years,2013,2025,7,7,6,2014;2015;2016;2017;2019;2020,non-annual design: blank years are not automatically missing data
SWE,Sweden,11_2,Negative affect balance,3-year pooled survey windows,2010,2025,16,6,0,,non-annual design: blank years are not automatically missing data
SWE,Sweden,1_1,Households and NPISHs net adjusted disposable income per capita,annual,2010,2025,16,16,0,,no internal annual gaps
SWE,Sweden,1_2,Top average household disposable income quintile,irregular/periodic,2013,2024,12,12,0,,non-annual design: blank years are not automatically missing data
SWE,Sweden,2_1,Employment rate,annual,2010,2025,16,16,0,,no internal annual gaps
SWE,Sweden,2_2,Gender wage gap,annual/irregular,2010,2024,15,15,0,,no internal annual gaps
SWE,Sweden,2_7,Long hours in paid work,annual,2010,2025,16,16,0,,no internal annual gaps
SWE,Sweden,3_1,Households living in overcrowded conditions,irregular/periodic,2010,2024,15,15,0,,non-annual design: blank years are not automatically missing data
SWE,Sweden,3_2,Housing affordability,annual,2010,2024,15,15,0,,no internal annual gaps
SWE,Sweden,4_3,Gender gap in working hours,irregular/periodic,2010,2010,1,1,0,,non-annual design: blank years are not automatically missing data
SWE,Sweden,5_1,Life expectancy at birth,annual,2010,2023,14,14,0,,no internal annual gaps
SWE,Sweden,5_3,"Deaths from suicide, alcohol, drugs",annual,2010,2024,15,15,0,,no internal annual gaps
SWE,Sweden,6_2,Student mathematics skills,PISA cycle,2012,2022,4,4,7,2013;2014;2016;2017;2019;2020;2021,non-annual design: blank years are not automatically missing data
SWE,Sweden,7_1_DEP,Lack of social support,3-year pooled survey windows,2010,2025,16,6,0,,non-annual design: blank years are not automatically missing data
SWE,Sweden,7_2,Time spent in social interactions,time-use survey waves,2010,2010,1,1,0,,non-annual design: blank years are not automatically missing data
SWE,Sweden,8_1_DEP,Not having a say in government,survey waves,2021,2023,2,2,1,2022,non-annual design: blank years are not automatically missing data
SWE,Sweden,8_2,Voter turnout,election-based,2010,2022,4,4,9,2011;2012;2013;2015;2016;2017;2019;2020;2021,non-annual design: blank years are not automatically missing data
SWE,Sweden,9_2,Exposed to air pollution,annual to 2020,2010,2020,11,11,0,,no internal annual gaps
SWE,Sweden,9_3,Exposure to extreme temperature,annual,2010,2024,15,15,0,,no internal annual gaps
THA,Thailand,11_2,Negative affect balance,3-year pooled survey windows,2010,2025,16,6,0,,non-annual design: blank years are not automatically missing data
THA,Thailand,2_1,Employment rate,annual,2010,2024,15,15,0,,no internal annual gaps
THA,Thailand,5_1,Life expectancy at birth,annual,2010,2023,14,14,0,,no internal annual gaps
THA,Thailand,5_3,"Deaths from suicide, alcohol, drugs",annual,2010,2023,13,13,1,2020,potential missing annual observations
THA,Thailand,7_1_DEP,Lack of social support,3-year pooled survey windows,2010,2025,16,6,0,,non-annual design: blank years are not automatically missing data
THA,Thailand,8_2,Voter turnout,election-based,2011,2026,5,5,11,2012;2013;2015;2016;2017;2018;2020;2021;2022;2024;2025,non-annual design: blank years are not automatically missing data
THA,Thailand,9_2,Exposed to air pollution,annual to 2020,2010,2020,11,11,0,,no internal annual gaps
THA,Thailand,9_3,Exposure to extreme temperature,annual,2010,2024,15,15,0,,no internal annual gaps
TUR,Türkiye,11_1,Life satisfaction,sparse survey years,2013,2025,7,7,6,2014;2015;2016;2017;2019;2020,non-annual design: blank years are not automatically missing data
TUR,Türkiye,11_2,Negative affect balance,3-year pooled survey windows,2010,2025,16,6,0,,non-annual design: blank years are not automatically missing data
TUR,Türkiye,1_2,Top average household disposable income quintile,irregular/periodic,2011,2022,11,11,1,2016,non-annual design: blank years are not automatically missing data
TUR,Türkiye,2_1,Employment rate,annual,2010,2025,16,16,0,,no internal annual gaps
TUR,Türkiye,2_2,Gender wage gap,annual/irregular,2010,2023,5,5,9,2011;2012;2013;2015;2016;2017;2019;2020;2021,potential missing annual observations
TUR,Türkiye,2_7,Long hours in paid work,annual,2010,2025,16,16,0,,no internal annual gaps
TUR,Türkiye,3_1,Households living in overcrowded conditions,irregular/periodic,2010,2020,11,11,0,,non-annual design: blank years are not automatically missing data
TUR,Türkiye,3_2,Housing affordability,annual,2010,2024,15,15,0,,no internal annual gaps
TUR,Türkiye,4_1,Time off,irregular/periodic,2014,2014,1,1,0,,non-annual design: blank years are not automatically missing data
TUR,Türkiye,4_3,Gender gap in working hours,irregular/periodic,2014,2014,1,1,0,,non-annual design: blank years are not automatically missing data
TUR,Türkiye,5_1,Life expectancy at birth,annual,2010,2022,13,13,0,,no internal annual gaps
TUR,Türkiye,5_3,"Deaths from suicide, alcohol, drugs",annual,2010,2023,14,14,0,,no internal annual gaps
TUR,Türkiye,6_2,Student mathematics skills,PISA cycle,2012,2022,4,4,7,2013;2014;2016;2017;2019;2020;2021,non-annual design: blank years are not automatically missing data
TUR,Türkiye,7_1_DEP,Lack of social support,3-year pooled survey windows,2010,2025,16,6,0,,non-annual design: blank years are not automatically missing data
TUR,Türkiye,7_2,Time spent in social interactions,time-use survey waves,2014,2014,1,1,0,,non-annual design: blank years are not automatically missing data
TUR,Türkiye,8_2,Voter turnout,election-based,2011,2023,4,4,9,2012;2013;2014;2016;2017;2019;2020;2021;2022,non-annual design: blank years are not automatically missing data
TUR,Türkiye,9_2,Exposed to air pollution,annual to 2020,2010,2020,11,11,0,,no internal annual gaps
TUR,Türkiye,9_3,Exposure to extreme temperature,annual,2010,2024,15,15,0,,no internal annual gaps
USA,United States,11_2,Negative affect balance,3-year pooled survey windows,2010,2025,16,6,0,,non-annual design: blank years are not automatically missing data
USA,United States,1_1,Households and NPISHs net adjusted disposable income per capita,annual,2010,2024,15,15,0,,no internal annual gaps
USA,United States,1_2,Top average household disposable income quintile,irregular/periodic,2013,2023,11,11,0,,non-annual design: blank years are not automatically missing data
USA,United States,1_3,Median net wealth,irregular/periodic,2010,2022,5,5,8,2011;2012;2014;2015;2017;2018;2020;2021,non-annual design: blank years are not automatically missing data
USA,United States,2_1,Employment rate,annual,2010,2025,16,16,0,,no internal annual gaps
USA,United States,2_2,Gender wage gap,annual/irregular,2010,2024,15,15,0,,no internal annual gaps
USA,United States,2_7,Long hours in paid work,annual,2010,2025,16,16,0,,no internal annual gaps
USA,United States,3_1,Households living in overcrowded conditions,irregular/periodic,2010,2023,14,14,0,,non-annual design: blank years are not automatically missing data
USA,United States,3_2,Housing affordability,annual,2010,2024,15,15,0,,no internal annual gaps
USA,United States,4_1,Time off,irregular/periodic,2010,2022,12,12,1,2020,non-annual design: blank years are not automatically missing data
USA,United States,4_3,Gender gap in working hours,irregular/periodic,2018,2022,2,2,3,2019;2020;2021,non-annual design: blank years are not automatically missing data
USA,United States,5_1,Life expectancy at birth,annual,2010,2023,14,14,0,,no internal annual gaps
USA,United States,5_3,"Deaths from suicide, alcohol, drugs",annual,2010,2023,14,14,0,,no internal annual gaps
USA,United States,6_2,Student mathematics skills,PISA cycle,2012,2022,4,4,7,2013;2014;2016;2017;2019;2020;2021,non-annual design: blank years are not automatically missing data
USA,United States,7_1_DEP,Lack of social support,3-year pooled survey windows,2010,2025,16,6,0,,non-annual design: blank years are not automatically missing data
USA,United States,7_2,Time spent in social interactions,time-use survey waves,2010,2018,3,3,6,2011;2012;2013;2014;2015;2016,non-annual design: blank years are not automatically missing data
USA,United States,8_2,Voter turnout,election-based,2010,2024,8,8,7,2011;2013;2015;2017;2019;2021;2023,non-annual design: blank years are not automatically missing data
USA,United States,9_2,Exposed to air pollution,annual to 2020,2010,2020,11,11,0,,no internal annual gaps
USA,United States,9_3,Exposure to extreme temperature,annual,2010,2024,15,15,0,,no internal annual gaps
ZAF,South Africa,11_2,Negative affect balance,3-year pooled survey windows,2010,2025,16,6,0,,non-annual design: blank years are not automatically missing data
ZAF,South Africa,1_2,Top average household disposable income quintile,irregular/periodic,2015,2017,2,2,1,2016,non-annual design: blank years are not automatically missing data
ZAF,South Africa,2_1,Employment rate,annual,2010,2025,16,16,0,,no internal annual gaps
ZAF,South Africa,2_7,Long hours in paid work,annual,2010,2025,16,16,0,,no internal annual gaps
ZAF,South Africa,5_1,Life expectancy at birth,annual,2010,2023,14,14,0,,no internal annual gaps
ZAF,South Africa,5_3,"Deaths from suicide, alcohol, drugs",annual,2016,2018,3,3,0,,no internal annual gaps
ZAF,South Africa,7_1_DEP,Lack of social support,3-year pooled survey windows,2010,2025,16,6,0,,non-annual design: blank years are not automatically missing data
ZAF,South Africa,8_2,Voter turnout,election-based,2014,2024,3,3,8,2015;2016;2017;2018;2020;2021;2022;2023,non-annual design: blank years are not automatically missing data
ZAF,South Africa,9_2,Exposed to air pollution,annual to 2020,2010,2020,11,11,0,,no internal annual gaps
ZAF,South Africa,9_3,Exposure to extreme temperature,annual,2010,2024,15,15,0,,no internal annual gaps
